epoch,epoch_time_s,samples_per_sec,vram_peak_MB,precision,recall,mAP50,mAP50-95,grad_norm_total
0,150.838,40.673,7773.7,0.74116,0.66675,0.68574,0.38888,0.0
1,138.82,44.194,7719.5,0.79764,0.74173,0.76027,0.45792,65070.63642900192
2,134.136,45.737,8037.9,0.81523,0.74615,0.7801,0.48076,0.0
3,133.869,45.829,8101.6,0.79407,0.74433,0.76999,0.4714,49239.91040847039
4,133.486,45.96,8025.2,0.8401,0.75483,0.79891,0.51077,0.0
5,133.564,45.933,7910.5,0.81584,0.76337,0.79259,0.50645,110454.42296880703
6,133.708,45.884,7930.8,0.84651,0.76203,0.80991,0.53006,0.0
7,133.4,45.989,7462.8,0.84002,0.76967,0.80963,0.53058,27372.021259822908
8,133.666,45.898,7653.9,0.84011,0.78072,0.82101,0.54385,0.0
9,133.225,46.05,7776.7,0.83771,0.78234,0.81887,0.54083,39874.433941192045
10,134.086,45.754,7639.5,0.84562,0.78582,0.82705,0.55111,0.0
11,133.568,45.932,7729.4,0.85263,0.78582,0.82944,0.55531,36076.15797116357
12,133.547,45.939,7792.0,0.85605,0.78945,0.83561,0.56685,0.0
13,133.398,45.99,7855.2,0.85295,0.78975,0.83306,0.56341,67525.23566163436
14,133.81,45.849,8233.1,0.85816,0.79296,0.83661,0.56973,0.0
15,133.242,46.044,7928.8,0.85924,0.79281,0.83884,0.57483,54146.39065079626
16,133.786,45.857,7914.0,0.85916,0.79767,0.8417,0.57833,0.0
17,133.209,46.055,7827.8,0.85914,0.7965,0.84308,0.57813,43543.88771487781
18,133.474,45.964,7843.3,0.8643,0.79771,0.84548,0.58446,0.0
19,133.546,45.939,7919.0,0.86013,0.79992,0.84563,0.58371,29170.663298370684
20,133.696,45.888,8121.3,0.86596,0.79943,0.84707,0.58676,0.0
21,133.495,45.957,9254.0,0.86772,0.79901,0.84739,0.58967,49159.1655821533
22,133.523,45.947,7734.1,0.86671,0.80231,0.85017,0.59321,0.0
23,133.297,46.025,7744.6,0.86791,0.80401,0.85062,0.59359,27988.931105910895
24,133.824,45.844,7935.4,0.86979,0.80321,0.85135,0.59496,0.0
25,133.345,46.008,8036.1,0.86907,0.80381,0.85174,0.59608,35398.26207142292
26,133.282,46.03,7920.9,0.86888,0.80344,0.85206,0.59677,0.0
27,133.371,46.0,7884.9,0.87218,0.80307,0.85279,0.59856,44925.80148142446
28,133.334,46.012,7917.9,0.87043,0.80441,0.85315,0.59947,0.0
29,133.573,45.93,7934.9,0.86935,0.80631,0.85438,0.60016,85719.1800843677
30,144.355,42.499,7802.3,0.87071,0.80781,0.85516,0.60159,0.0
31,182.736,33.573,7396.4,0.87361,0.80714,0.85618,0.60246,38387.733939265156
32,179.646,34.15,7896.1,0.8732,0.80816,0.85689,0.60458,0.0
33,184.447,33.262,7942.2,0.87276,0.80873,0.8582,0.60534,30758.951461529887
34,185.637,33.048,7944.1,0.87135,0.80938,0.8582,0.60545,0.0
35,189.648,32.349,7887.3,0.87125,0.81015,0.85837,0.60627,35734.24104528806
36,187.185,32.775,8033.7,0.87051,0.81104,0.85852,0.60685,0.0
37,179.496,34.179,7912.7,0.87267,0.81006,0.85778,0.60759,53600.498940599166
38,178.106,34.446,7871.4,0.8723,0.81121,0.85795,0.6086,0.0
39,189.244,32.419,7851.9,0.87087,0.81245,0.85809,0.60894,51505.273931293814
40,179.81,34.119,7826.9,0.87176,0.8121,0.85955,0.6097,0.0
41,186.695,32.861,7932.6,0.87273,0.81253,0.85979,0.61028,129578.81679110066
42,179.987,34.086,7978.9,0.87244,0.81345,0.86025,0.61098,0.0
43,176.093,34.84,7892.7,0.87196,0.8137,0.86033,0.61149,37486.97410941246
44,183.089,33.508,7856.1,0.87248,0.81358,0.86034,0.61181,0.0
45,182.544,33.608,8035.6,0.8732,0.81322,0.8605,0.61223,101465.42142456619
46,186.487,32.898,7625.9,0.87418,0.81312,0.86067,0.61272,0.0
47,182.212,33.67,7960.2,0.874,0.81351,0.8608,0.61298,40998.474854650136
48,187.057,32.797,7738.2,0.87437,0.81345,0.86099,0.61345,0.0
49,177.725,34.52,8106.5,0.87446,0.81363,0.86121,0.6138,34445.878921418036
50,186.715,32.858,7983.3,0.87449,0.81394,0.86149,0.61412,0.0
51,184.577,33.238,7678.2,0.87478,0.8139,0.86152,0.61445,38942.21353016947
52,194.592,31.528,7844.1,0.87541,0.814,0.86173,0.61486,0.0
53,191.629,32.015,7969.8,0.87607,0.81352,0.86197,0.61519,176307.0083982299
54,195.154,31.437,8053.9,0.87675,0.81355,0.86201,0.61562,0.0
55,176.095,34.839,7857.2,0.87696,0.81384,0.86216,0.61597,58650.89403886586
56,176.338,34.791,7912.7,0.87717,0.81403,0.86231,0.6163,0.0
57,177.151,34.631,7817.9,0.87762,0.81405,0.86245,0.61652,198902.44266627624
58,178.011,34.464,8017.9,0.87767,0.81425,0.8624,0.6169,0.0
59,183.91,33.359,7785.9,0.87807,0.81406,0.86251,0.61722,132666.636844979
60,192.596,31.854,8078.4,0.87824,0.81412,0.86129,0.61755,0.0
61,180.687,33.954,8040.7,0.87888,0.81377,0.86264,0.61799,48467.16351943825
62,178.918,34.29,8422.9,0.88001,0.81302,0.86143,0.61793,0.0
63,198.315,30.936,8060.0,0.88037,0.81269,0.86142,0.61828,40937.86850164835
64,176.155,34.827,7927.1,0.88122,0.81197,0.8614,0.61862,0.0
65,193.7,31.673,7775.0,0.88167,0.81228,0.86153,0.61917,45607.50543363844
66,179.462,34.186,7854.3,0.88245,0.812,0.86159,0.61947,0.0
67,180.36,34.015,7750.3,0.88267,0.81223,0.8616,0.6196,30121.915381007602
68,187.395,32.738,8029.1,0.88236,0.81265,0.86146,0.6198,0.0
69,178.307,34.407,7902.3,0.88261,0.81277,0.86162,0.62001,35438.47111573692
70,201.156,30.499,7901.7,0.88248,0.81272,0.86168,0.62025,0.0
71,175.066,35.044,8240.2,0.88229,0.81278,0.86182,0.62047,69404.3283452527
72,184.885,33.183,7959.0,0.88253,0.813,0.86183,0.62062,0.0
73,185.806,33.018,7766.7,0.8825,0.81322,0.86173,0.62089,31332.72074277854
74,180.388,34.01,8012.1,0.8825,0.81334,0.86171,0.62134,0.0
75,182.599,33.598,7826.6,0.88254,0.81409,0.86178,0.62157,38149.90362560197
76,188.463,32.553,7696.0,0.88281,0.81369,0.86174,0.62181,0.0
77,183.546,33.425,7777.8,0.883,0.81368,0.86174,0.62194,53271.6404614237
78,185.271,33.114,7776.0,0.88323,0.81376,0.86186,0.62203,0.0
79,186.741,32.853,7948.8,0.88347,0.81369,0.86192,0.62225,188757.88307467176
80,174.393,35.179,7679.2,0.88376,0.81366,0.86212,0.62251,0.0
81,176.089,34.84,7870.1,0.884,0.81372,0.86228,0.62259,40867.70393018486
82,194.5,31.542,8110.8,0.88495,0.81361,0.86237,0.62279,0.0
83,175.91,34.876,8225.4,0.88519,0.81381,0.86249,0.62302,34389.725172120176
84,194.603,31.526,7757.8,0.88539,0.81375,0.86257,0.62315,0.0
85,174.75,35.107,7761.6,0.88574,0.81348,0.86274,0.62337,15294.799098854788
86,177.473,34.569,7752.9,0.8856,0.81362,0.86283,0.62357,0.0
87,177.619,34.54,8042.9,0.88559,0.81352,0.86283,0.62371,15238.910803934166
88,184.217,33.303,7942.9,0.88547,0.81387,0.86286,0.62394,0.0
89,174.634,35.131,8148.6,0.88513,0.81426,0.86299,0.62411,60005.35611894527
90,188.461,32.553,8173.3,0.88485,0.81462,0.86303,0.62432,0.0
91,195.249,31.421,7851.4,0.88445,0.81485,0.863,0.62446,44811.65935559375
92,179.401,34.197,7586.0,0.88453,0.81532,0.86306,0.62483,0.0
93,175.709,34.916,7898.8,0.88491,0.81554,0.86323,0.62496,49116.949286122705
94,193.701,31.672,7901.3,0.88561,0.81528,0.86336,0.6253,0.0
95,176.738,34.712,7735.7,0.88561,0.81557,0.8633,0.62554,39048.7756219311
96,181.604,33.782,7688.8,0.88615,0.81529,0.86338,0.62582,0.0
97,193.583,31.692,8033.8,0.88701,0.8149,0.86349,0.62607,53635.39681504937
98,190.884,32.14,8182.0,0.88693,0.81525,0.86348,0.62614,0.0
99,175.721,34.913,7968.5,0.88736,0.8153,0.86355,0.62636,40988.03458371674
100,182.703,33.579,7838.0,0.88723,0.81549,0.86372,0.62658,0.0
101,182.779,33.565,8024.4,0.8873,0.81545,0.86394,0.62672,87849.71567787963
102,182.905,33.542,8256.3,0.88716,0.81564,0.86402,0.62694,0.0
103,183.655,33.405,8459.5,0.88754,0.81564,0.86398,0.62713,32819.41924548219
104,176.651,34.729,7908.6,0.88766,0.81586,0.86416,0.62739,0.0
105,176.602,34.739,7755.3,0.88787,0.81614,0.86424,0.62758,29422.070189793434
106,184.337,33.281,7933.7,0.88798,0.81592,0.8643,0.62777,0.0
107,176.49,34.761,8127.9,0.88784,0.81602,0.8644,0.62813,112740.88057647044
108,176.284,34.802,7849.5,0.88759,0.81639,0.8644,0.62829,0.0
109,181.319,33.835,7770.0,0.88796,0.81614,0.86442,0.62864,79712.03259636762
110,184.472,33.257,7992.8,0.88843,0.8163,0.86453,0.62888,0.0
111,177.024,34.656,7790.9,0.88824,0.8161,0.86454,0.62917,30838.185944867513
112,184.257,33.296,8017.6,0.88873,0.81605,0.86459,0.62938,0.0
113,181.042,33.887,7976.9,0.8885,0.81611,0.86458,0.62944,28573.84429531761
114,183.318,33.466,7924.3,0.88869,0.81612,0.86469,0.6296,0.0
115,191.306,32.069,7811.7,0.88896,0.81585,0.8646,0.62967,48582.68178718179
116,178.645,34.342,7975.7,0.88997,0.81498,0.86455,0.62999,0.0
117,198.931,30.84,7949.5,0.89016,0.81473,0.86439,0.63023,125312.18889354718
118,175.452,34.967,7993.0,0.88998,0.81542,0.86443,0.6304,0.0
119,184.204,33.305,8114.8,0.89001,0.81541,0.86446,0.63051,50026.82198396543
120,185.216,33.124,8028.9,0.88976,0.81599,0.86456,0.6307,0.0
121,178.517,34.367,7886.5,0.88952,0.81641,0.86468,0.6309,28168.96270383385
122,172.893,35.484,8226.5,0.88938,0.81634,0.86477,0.63123,0.0
123,200.214,30.642,7985.1,0.88966,0.81641,0.86474,0.63137,64642.888116659655
124,173.736,35.312,7895.3,0.88991,0.81655,0.86483,0.63149,0.0
125,179.492,34.18,7769.5,0.88991,0.81678,0.86482,0.6317,58819.381058410094
126,188.829,32.49,8007.7,0.88967,0.81698,0.86487,0.63187,0.0
127,190.481,32.208,8373.8,0.89022,0.81686,0.86495,0.63203,35315.6284977558
128,192.08,31.94,7726.5,0.8908,0.81687,0.86506,0.63225,0.0
129,179.642,34.151,8033.8,0.89076,0.81709,0.86517,0.6326,113116.63863516216
130,188.752,32.503,8183.2,0.8912,0.81709,0.86538,0.63271,0.0
131,184.532,33.246,8118.1,0.89136,0.81687,0.86548,0.63292,26279.304487220816
132,174.839,35.089,7775.5,0.89076,0.81744,0.86557,0.63297,0.0
133,179.854,34.111,7827.8,0.89093,0.81754,0.86563,0.63313,88494.58045761957
134,176.764,34.707,8032.8,0.89069,0.81783,0.8657,0.63341,0.0
135,180.298,34.027,7903.0,0.88994,0.81846,0.86581,0.63353,56411.679776824414
136,173.698,35.32,7838.0,0.89038,0.81823,0.86584,0.63369,0.0
137,190.351,32.23,7936.4,0.89027,0.81811,0.86578,0.63368,48501.39359620708
138,177.242,34.614,7799.9,0.89014,0.81868,0.86584,0.63393,0.0
139,191.583,32.023,7762.0,0.88981,0.81942,0.86594,0.63423,30703.05344563534
140,175.82,34.894,7726.7,0.89048,0.81925,0.86606,0.63433,0.0
141,184.419,33.267,7768.7,0.89014,0.81946,0.86604,0.63439,37981.58214184098
142,185.588,33.057,8028.1,0.89033,0.81954,0.86605,0.63456,0.0
143,186.316,32.928,7925.2,0.89015,0.81989,0.86611,0.63472,12610.2503285921
144,174.943,35.069,7884.1,0.88982,0.81988,0.86607,0.63486,0.0
145,174.584,35.141,7810.9,0.88998,0.81996,0.86589,0.63484,32114.29278401308
146,175.857,34.886,7631.4,0.88941,0.82078,0.86604,0.63501,0.0
147,183.455,33.441,7920.4,0.88964,0.82027,0.86597,0.63498,25816.82689179604
148,172.882,35.487,8091.0,0.88898,0.82145,0.86606,0.63509,0.0
149,183.272,33.475,8216.6,0.88938,0.82109,0.866,0.63527,22862.509691450938
150,177.187,34.624,8063.2,0.88936,0.82123,0.86588,0.63533,0.0
151,175.604,34.936,7894.8,0.88872,0.82179,0.86577,0.63545,34437.641262651974
152,179.074,34.26,8013.1,0.88805,0.82238,0.86571,0.63564,0.0
153,181.486,33.804,7724.7,0.88839,0.82201,0.86566,0.63571,25173.718087183563
154,185.739,33.03,7705.1,0.88867,0.82147,0.86569,0.63572,0.0
155,195.398,31.398,7269.5,0.88826,0.82166,0.86552,0.63588,22143.615788693638
156,175.33,34.991,8225.6,0.88851,0.82162,0.86543,0.63589,0.0
157,178.354,34.398,8098.1,0.88831,0.82201,0.86552,0.63587,37863.25708250071
158,201.845,30.395,8197.8,0.88905,0.82161,0.86548,0.63593,0.0
159,174.919,35.073,8027.3,0.88941,0.82098,0.8654,0.63603,59080.004671089955
160,181.63,33.778,8065.4,0.88964,0.82051,0.86533,0.63613,0.0
161,175.95,34.868,7793.9,0.88949,0.82068,0.86528,0.6363,27813.962370174828
162,187.408,32.736,7966.4,0.88962,0.82069,0.86536,0.63632,0.0
163,186.158,32.956,8151.7,0.88987,0.82058,0.86542,0.63647,40506.75765399884
164,176.969,34.667,7639.9,0.8902,0.81995,0.86532,0.6365,0.0
165,183.849,33.37,7819.1,0.89031,0.82,0.8653,0.63658,41753.819479372214
166,185.211,33.124,7832.4,0.89018,0.82013,0.86527,0.6365,0.0
167,195.299,31.413,7828.0,0.88955,0.82071,0.86537,0.63654,26224.317701069704
168,183.237,33.481,7668.9,0.89013,0.82049,0.86535,0.63666,0.0
169,190.213,32.253,7774.2,0.89002,0.82065,0.86544,0.63674,32038.647556796506
170,179.757,34.129,8117.2,0.8899,0.82083,0.86532,0.63663,0.0
171,185.107,33.143,7975.3,0.8907,0.82017,0.86521,0.63665,13152.88731398255
172,188.843,32.487,7843.5,0.89008,0.82076,0.86511,0.63663,0.0
173,173.334,35.394,7968.1,0.89078,0.82006,0.86511,0.63672,24109.297813279518
174,185.853,33.01,7814.4,0.89122,0.81979,0.8651,0.63666,0.0
175,180.452,33.998,8032.6,0.89151,0.81917,0.86498,0.63669,22181.60366564014
176,183.677,33.401,7838.8,0.89114,0.81967,0.86503,0.63656,0.0
177,181.419,33.817,8002.9,0.89106,0.81971,0.865,0.63664,26894.72543858537
178,188.736,32.506,7692.4,0.89013,0.82074,0.86496,0.63658,0.0
179,192.38,31.89,7716.7,0.8907,0.82048,0.86494,0.63669,29339.55646701314
180,182.474,33.621,8133.8,0.8905,0.82067,0.86491,0.63665,0.0
181,175.01,35.055,7974.6,0.89087,0.82069,0.86498,0.63678,46214.046346921
182,179.417,34.194,8174.7,0.89057,0.82088,0.86496,0.63674,0.0
183,180.282,34.03,7968.1,0.89066,0.82072,0.86481,0.63675,40300.0310330744
184,182.765,33.568,7585.7,0.89022,0.82088,0.86481,0.63681,0.0
185,176.737,34.713,7790.9,0.89006,0.82092,0.86474,0.63674,33378.27394383299
186,183.893,33.362,7851.1,0.89017,0.82078,0.86477,0.6368,0.0
187,182.722,33.576,8019.4,0.89067,0.82026,0.86468,0.63676,49221.24040397806
188,183.269,33.475,7971.2,0.89068,0.82012,0.86461,0.6369,0.0
189,188.129,32.611,8107.6,0.89044,0.82031,0.86475,0.63695,30196.70269235665
190,182.482,33.62,7785.5,0.89106,0.81964,0.86461,0.63686,0.0
191,172.086,35.651,7951.4,0.89052,0.82,0.86456,0.63703,33933.15027471139
192,176.447,34.77,7747.0,0.8908,0.81982,0.86458,0.63714,0.0
193,173.91,35.277,8027.6,0.89069,0.81979,0.86457,0.63719,18010.871377752686
194,178.586,34.353,8006.0,0.89049,0.82034,0.86456,0.63728,0.0
195,180.172,34.051,8018.2,0.89047,0.82017,0.8645,0.63747,26519.4749103871
196,183.676,33.401,7784.3,0.89018,0.82021,0.86441,0.63751,0.0
197,185.915,32.999,7877.2,0.89015,0.8201,0.86435,0.63762,31717.095308722837
198,182.713,33.577,7903.6,0.89042,0.82023,0.86428,0.63777,0.0
199,184.284,33.291,7929.0,0.89055,0.82027,0.86434,0.6378,17123.32241448816
200,181.303,33.838,7615.3,0.89048,0.82028,0.86422,0.63786,0.0
201,180.245,34.037,7992.7,0.89059,0.82019,0.86405,0.63793,46330.77400332733
202,174.552,35.147,8051.4,0.89055,0.82058,0.86409,0.63796,0.0
203,167.812,36.559,8106.4,0.89092,0.81988,0.86387,0.63798,56612.94716353051
204,132.618,46.261,7808.4,0.89106,0.81967,0.86383,0.63798,0.0
205,132.664,46.245,8481.0,0.891,0.81971,0.86384,0.63827,49664.66354319908
206,132.591,46.27,7791.8,0.89107,0.81954,0.86373,0.63828,0.0
207,132.583,46.273,7901.7,0.89154,0.81936,0.86382,0.6383,10993.732960262727
208,132.579,46.274,7817.0,0.8914,0.81926,0.86373,0.6383,0.0
209,132.466,46.314,7843.4,0.89167,0.81938,0.86389,0.63832,16385.610695641753
210,132.379,46.344,7769.3,0.89187,0.81936,0.8639,0.63831,0.0
211,133.133,46.082,7984.8,0.89184,0.81934,0.86396,0.63839,18447.586887416404
212,132.6,46.267,7841.5,0.892,0.81908,0.86384,0.63822,0.0
213,132.791,46.2,8032.6,0.89197,0.81918,0.86379,0.63814,54257.14036221732
214,132.412,46.333,8107.8,0.89228,0.81869,0.86366,0.63825,0.0
215,132.422,46.329,8033.8,0.8917,0.81904,0.86351,0.63804,42850.737864913
216,132.725,46.223,8008.4,0.89171,0.81882,0.8634,0.63785,0.0
217,132.177,46.415,7924.5,0.89135,0.81906,0.86341,0.63792,88470.30408583196
218,132.669,46.243,7754.5,0.89187,0.81829,0.86332,0.63784,0.0
219,132.697,46.233,7730.2,0.89155,0.81788,0.86322,0.63776,42302.44442960025
220,132.243,46.392,7575.9,0.8917,0.81763,0.86309,0.6376,0.0
221,132.603,46.266,7975.0,0.89156,0.81759,0.86298,0.63751,26808.50185221803
222,132.623,46.259,7791.6,0.89182,0.81736,0.86289,0.63738,0.0
223,132.549,46.285,7858.8,0.89157,0.81793,0.86295,0.6375,42798.338064111325
224,132.943,46.148,7769.2,0.89174,0.81775,0.86283,0.63749,0.0
225,132.699,46.232,8135.3,0.89199,0.81744,0.86268,0.63746,33688.03526351521
226,132.666,46.244,7948.2,0.89182,0.81798,0.86281,0.63747,0.0
227,132.461,46.316,8040.3,0.89184,0.81808,0.86272,0.63748,18772.243948756142
228,132.727,46.223,7622.2,0.89182,0.81786,0.86268,0.6375,0.0
229,132.503,46.301,8020.8,0.89228,0.81756,0.86249,0.6374,17395.059932664823
230,132.308,46.369,8077.4,0.89177,0.81797,0.86236,0.63738,0.0
231,132.772,46.207,7719.1,0.89164,0.81829,0.86236,0.63736,25310.589450187934
232,132.979,46.135,7904.4,0.8919,0.81801,0.86237,0.63742,0.0
233,132.463,46.315,7943.5,0.89212,0.81786,0.86222,0.63733,18712.114464058966
234,132.526,46.293,7684.5,0.89238,0.81743,0.86217,0.63733,0.0
235,132.931,46.152,8026.7,0.89216,0.81755,0.86213,0.63722,38079.59878363226
236,132.522,46.294,8017.9,0.89184,0.81805,0.86198,0.63718,0.0
237,133.015,46.123,8099.2,0.89211,0.81774,0.86192,0.63705,13785.992411354997
238,132.538,46.289,7710.6,0.89216,0.81771,0.86191,0.63694,0.0
239,132.397,46.338,8244.1,0.89237,0.81756,0.86189,0.6369,23527.77061442783
240,132.497,46.303,7809.7,0.89287,0.81755,0.86194,0.63695,0.0
241,132.469,46.313,8106.5,0.89231,0.81784,0.86191,0.63702,19578.752700272027
242,132.42,46.33,7684.7,0.8924,0.81771,0.86188,0.63701,0.0
243,132.574,46.276,7953.0,0.89188,0.81804,0.8619,0.63717,31303.72079619507
244,132.426,46.328,8108.3,0.89234,0.81761,0.86178,0.63695,0.0
245,132.827,46.188,8040.6,0.89176,0.8178,0.86173,0.63692,56907.24521086129
246,132.656,46.247,8053.4,0.89154,0.81797,0.86167,0.63687,0.0
247,132.399,46.337,7725.5,0.8916,0.81795,0.86169,0.63685,65773.95761402126
248,132.64,46.253,8081.5,0.89175,0.81774,0.8615,0.63682,0.0
249,132.484,46.307,8317.4,0.89156,0.81773,0.86146,0.63671,19844.245053161747
250,132.456,46.317,8125.0,0.89123,0.81797,0.86142,0.63684,0.0
251,132.865,46.175,7882.2,0.89147,0.81777,0.86139,0.63677,23231.7938747681
252,132.702,46.231,8127.6,0.8911,0.81791,0.86138,0.63678,0.0
253,132.3,46.372,7840.9,0.89094,0.81787,0.86136,0.63657,10765.507409774027
254,132.828,46.188,8195.5,0.89104,0.81768,0.86133,0.63659,0.0
255,132.452,46.319,7852.5,0.89079,0.81787,0.8612,0.63664,36304.87206983684
256,133.628,45.911,8165.7,0.89031,0.81818,0.86111,0.63658,0.0
257,133.53,45.945,7865.6,0.8903,0.81825,0.86114,0.63661,23669.06178916411
258,133.735,45.874,7928.3,0.89051,0.81804,0.86111,0.63649,0.0
259,133.403,45.989,7836.6,0.89015,0.81835,0.86102,0.63644,44091.72586857897
260,133.544,45.94,7979.8,0.88999,0.81843,0.85959,0.63606,0.0
261,133.138,46.08,7753.5,0.89026,0.81814,0.86093,0.63612,45880.5354629588
262,147.998,41.453,7753.5,0.8908000126596636,0.8177410746403102,0.8657083579036613,0.6334900064030198,45880.5354629588
