image,gt,TP,FP,FN,precision,recall,F1,F2,inference_ms
gss1006_jpg.rf.32aa7f99ebd9eed1e6777ff5a3b64517.jpg,1,1,0,0,1.0,1.0,1.0,1.0,18.498
gss1006_jpg.rf.7420665da812a124c7a8cfd6f9d67bbe.jpg,0,0,0,0,0.0,0.0,0.0,0.0,15.985
gss1006_jpg.rf.8ba83f6f0ac292da5003d3bcddd63f7a.jpg,0,0,0,0,0.0,0.0,0.0,0.0,15.719
gss1015_jpg.rf.0ffe8deefec932ca39ed0ce141726e51.jpg,2,1,1,1,0.5,0.5,0.5,0.5,16.281
gss1015_jpg.rf.5ace33228d5369ea6bf22118f6a5dca6.jpg,2,2,0,0,1.0,1.0,1.0,1.0,15.937
gss1015_jpg.rf.8a1644be346d5efbd5a9748bcaef8bb5.jpg,2,2,1,0,0.666667,1.0,0.8,0.909091,15.707
gss1015_jpg.rf.9ada927b3321306afa1ade7709bb6ad8.jpg,1,1,0,0,1.0,1.0,1.0,1.0,16.255
gss1025_jpg.rf.3790fe6512d0b9901cd1eb91d2e9f38a.jpg,3,2,0,1,1.0,0.666667,0.8,0.714286,15.829
gss1025_jpg.rf.a14c2a9d0002035bb84edb137c8daaee.jpg,1,1,1,0,0.5,1.0,0.666667,0.833333,15.477
gss1025_jpg.rf.b7d7b0cbdfeddc50569063054c09243f.jpg,1,1,0,0,1.0,1.0,1.0,1.0,16.281
gss1025_jpg.rf.ce0d3843a1dc33532e0399dc8fed9c74.jpg,2,0,0,2,0.0,0.0,0.0,0.0,15.533
gss1048_jpg.rf.0d91a66a8b142d2bd2d206d8c541e1ba.jpg,1,1,0,0,1.0,1.0,1.0,1.0,17.336
gss1048_jpg.rf.abbdd3562e9c209d0fd50a222d847940.jpg,2,1,0,1,1.0,0.5,0.666667,0.555556,16.406
gss1048_jpg.rf.e8506578995d9f15e12c2d7db6498162.jpg,2,1,0,1,1.0,0.5,0.666667,0.555556,16.454
gss1054_jpg.rf.799a805f9df47a18e8b903ab302b4d48.jpg,1,1,0,0,1.0,1.0,1.0,1.0,16.356
gss1054_jpg.rf.a1c20cd187505df04779335315a6fb2c.jpg,1,1,1,0,0.5,1.0,0.666667,0.833333,16.531
gss1054_jpg.rf.ca0622107558592fc6bce13764f3ffd7.jpg,1,1,0,0,1.0,1.0,1.0,1.0,16.321
gss1060_jpg.rf.14d076a092b36160ac815505eb98ea05.jpg,0,0,0,0,0.0,0.0,0.0,0.0,15.611
gss1060_jpg.rf.1d62940ed52f8a06a65ad6e16d5e2b9a.jpg,1,1,0,0,1.0,1.0,1.0,1.0,15.615
gss1060_jpg.rf.7154ef2136053a9767c8ad3d4b18751b.jpg,1,1,0,0,1.0,1.0,1.0,1.0,16.296
gss1060_jpg.rf.eff1b3b97804e0bcea11a1db97df8520.jpg,1,1,0,0,1.0,1.0,1.0,1.0,15.916
gss1061_jpg.rf.4a1f054cc1cef485d550c7b62f4b0fc7.jpg,1,1,0,0,1.0,1.0,1.0,1.0,16.359
gss1061_jpg.rf.a4829879b1e81784d2bfee789cc557ee.jpg,1,1,0,0,1.0,1.0,1.0,1.0,15.762
gss1061_jpg.rf.bf67f6722e008013d96db39dddbf4ac5.jpg,1,1,0,0,1.0,1.0,1.0,1.0,15.632
gss1094_jpg.rf.a74e4be351ce2ff7f69677044dd23a9a.jpg,2,1,1,1,0.5,0.5,0.5,0.5,15.474
gss1094_jpg.rf.a9efa77f7f4b136e9cf60435f95a29eb.jpg,1,1,0,0,1.0,1.0,1.0,1.0,16.348
gss1100_jpg.rf.1481980bf25024604d36fa047bfcc00c.jpg,1,0,0,1,0.0,0.0,0.0,0.0,15.145
gss1100_jpg.rf.4f6c1c09cb74fba82a853d08fa29251d.jpg,1,0,0,1,0.0,0.0,0.0,0.0,15.4
gss1100_jpg.rf.7e62a44d98348c911020908ef9738c51.jpg,1,1,0,0,1.0,1.0,1.0,1.0,15.684
gss1107_jpg.rf.1e28d52abf358f78720394f3924733e8.jpg,1,0,0,1,0.0,0.0,0.0,0.0,15.869
gss1107_jpg.rf.3f0798326fbae2e6750e7d709e475d21.jpg,1,1,0,0,1.0,1.0,1.0,1.0,15.91
gss1110_jpg.rf.b8a2851ff4f0624bbea2075c599fe5f2.jpg,1,1,0,0,1.0,1.0,1.0,1.0,16.326
gss1123_jpg.rf.548e1294392a45b695d5dc57c2675335.jpg,1,1,0,0,1.0,1.0,1.0,1.0,15.885
gss1127_jpg.rf.b325ed73f5988d14ce8d3eb532418f26.jpg,1,1,0,0,1.0,1.0,1.0,1.0,16.407
gss1127_jpg.rf.fb3bcb396c266af482330d6070f57960.jpg,1,0,0,1,0.0,0.0,0.0,0.0,15.289
gss1129_jpg.rf.9950d766cdb609e79bc5db6abf1f089c.jpg,1,0,0,1,0.0,0.0,0.0,0.0,14.946
gss1143_jpg.rf.d1f311a32ee0e3d9596bc5fa7b87e84e.jpg,1,1,0,0,1.0,1.0,1.0,1.0,15.664
gss1143_jpg.rf.ebee79f0106d46af6669a809d8f81e2b.jpg,0,0,0,0,0.0,0.0,0.0,0.0,15.621
gss1148_jpg.rf.62c50e790a9fdec109ca712f9b5d5e1b.jpg,1,1,0,0,1.0,1.0,1.0,1.0,15.785
gss1148_jpg.rf.bdda685c21dee14a11dc9be8ab63df0e.jpg,0,0,0,0,0.0,0.0,0.0,0.0,15.413
gss1154_jpg.rf.2939adeed186e3fd37d5cf32222491ad.jpg,1,1,0,0,1.0,1.0,1.0,1.0,16.695
gss115_jpg.rf.107bdc0bdb04bf60b23100f6fcd11814.jpg,1,1,0,0,1.0,1.0,1.0,1.0,16.53
gss115_jpg.rf.3a14244e5b478201e74e9fe3a8becbc8.jpg,2,1,0,1,1.0,0.5,0.666667,0.555556,16.499
gss115_jpg.rf.8b001f5da6cbede3d93149c93029a6e1.jpg,2,2,0,0,1.0,1.0,1.0,1.0,15.517
gss1164_jpg.rf.b111fae966bb922aad42b1603ec8a3f0.jpg,1,1,0,0,1.0,1.0,1.0,1.0,16.324
gss1177_jpg.rf.7c187db1ce51709e891225c5ed645183.jpg,1,1,0,0,1.0,1.0,1.0,1.0,16.644
gss1203_jpg.rf.adfcaf942fd36e3ad9da4bbe75c90375.jpg,2,2,0,0,1.0,1.0,1.0,1.0,15.614
gss1215_jpg.rf.5b9847ede29f6a74016111d51e1b4f08.jpg,0,0,1,0,0.0,0.0,0.0,0.0,15.414
gss1215_jpg.rf.d18cc58b4572d6a198ba9d16f1dc7695.jpg,2,2,0,0,1.0,1.0,1.0,1.0,16.482
gss1222_jpg.rf.7ac143cda10180d1512e258d47adde50.jpg,1,1,0,0,1.0,1.0,1.0,1.0,15.483
gss1222_jpg.rf.c0725eac53d10d5ec74c49a99b11c757.jpg,1,1,0,0,1.0,1.0,1.0,1.0,16.22
gss1226_jpg.rf.442d8552e25f4c071cecc90698c42a46.jpg,1,1,0,0,1.0,1.0,1.0,1.0,15.655
gss1226_jpg.rf.8ea8e38d91a5d60c3e3eab8eff7a3dab.jpg,1,1,1,0,0.5,1.0,0.666667,0.833333,16.383
gss1226_jpg.rf.e81b4c9c55eb31fde496f3bb12b0df6e.jpg,1,1,0,0,1.0,1.0,1.0,1.0,15.73
gss1228_jpg.rf.1cd9089441f1be7581662185c3a51420.jpg,1,1,1,0,0.5,1.0,0.666667,0.833333,16.108
gss1228_jpg.rf.6985f79ee6381c551235b904fa12d78b.jpg,0,0,0,0,0.0,0.0,0.0,0.0,15.51
gss1234_jpg.rf.bb6dfb398292913458a3810d5ee576f0.jpg,1,1,1,0,0.5,1.0,0.666667,0.833333,15.483
gss123_jpg.rf.097eabdbd220e1b409b012cdf39b28c0.jpg,3,3,0,0,1.0,1.0,1.0,1.0,16.418
gss123_jpg.rf.36e48f070bba31ffd053052b6d11ccd8.jpg,2,2,0,0,1.0,1.0,1.0,1.0,15.952
gss123_jpg.rf.ce31408eacb57b7b820ea5777983b078.jpg,1,1,0,0,1.0,1.0,1.0,1.0,16.336
gss1269_jpg.rf.0d54a5622dee48260bde18e0d9adf1a1.jpg,0,0,0,0,0.0,0.0,0.0,0.0,15.488
gss1269_jpg.rf.e2425a7e6dbee24883d3c402ed035878.jpg,1,1,0,0,1.0,1.0,1.0,1.0,16.817
gss1269_jpg.rf.f79565f56eca22007f10b083e844b3c1.jpg,0,0,0,0,0.0,0.0,0.0,0.0,15.487
gss1310_jpg.rf.170e24d6a67669665561d87d90ca5f88.jpg,1,0,0,1,0.0,0.0,0.0,0.0,15.221
gss1310_jpg.rf.50a2d1131312eb0713ffc5b6a5094604.jpg,1,1,0,0,1.0,1.0,1.0,1.0,16.328
gss1310_jpg.rf.94ee709119b4d9e5e2247a4ba3b01db6.jpg,1,1,0,0,1.0,1.0,1.0,1.0,16.429
gss1310_jpg.rf.a0e61bec847893db0fab031498285e18.jpg,0,0,0,0,0.0,0.0,0.0,0.0,15.293
gss1310_jpg.rf.e0f1f3643221f3b24f4c118ec45dc651.jpg,0,0,1,0,0.0,0.0,0.0,0.0,16.385
gss1310_jpg.rf.efdeeb292e3f9bc441833491f59e1309.jpg,1,1,0,0,1.0,1.0,1.0,1.0,16.369
gss1321_jpg.rf.53efe4df0d89368de63387ae28eff69c.jpg,1,1,1,0,0.5,1.0,0.666667,0.833333,16.645
gss1321_jpg.rf.598be66037907b72b40331e31a9add87.jpg,1,1,0,0,1.0,1.0,1.0,1.0,16.149
gss1321_jpg.rf.89a83058cf41ce9c957ce8512fc82d6b.jpg,1,1,0,0,1.0,1.0,1.0,1.0,16.413
gss1331_jpg.rf.102c140ab5dbbd381829a60b378a00ab.jpg,1,1,0,0,1.0,1.0,1.0,1.0,16.579
gss1331_jpg.rf.5d47fb0dcc914ccc36e521976afefdca.jpg,1,1,0,0,1.0,1.0,1.0,1.0,16.428
gss1333_jpg.rf.db7164bd3484711298a44398c0b08290.jpg,1,1,1,0,0.5,1.0,0.666667,0.833333,16.503
gss1333_jpg.rf.faa3811fada9163b8ccf93902d3f6056.jpg,0,0,0,0,0.0,0.0,0.0,0.0,15.63
gss1333_jpg.rf.fc05238c087285b90f4056f409cb41b0.jpg,1,1,0,0,1.0,1.0,1.0,1.0,17.298
gss1352_jpg.rf.0a0958a74f3cfe06d9edeb99ea4b1243.jpg,1,1,0,0,1.0,1.0,1.0,1.0,16.694
gss1352_jpg.rf.f99f5ef8880b81469866cea258739ce3.jpg,1,1,0,0,1.0,1.0,1.0,1.0,16.792
gss1357_jpg.rf.3c7ff02fdd3dd0787dcf30a04f448be5.jpg,1,1,0,0,1.0,1.0,1.0,1.0,16.735
gss1368_jpg.rf.675a3a4214c47787f0c1c5e22160a542.jpg,1,1,1,0,0.5,1.0,0.666667,0.833333,16.445
gss1368_jpg.rf.a445021d50aa084f339303929cebf73c.jpg,2,2,0,0,1.0,1.0,1.0,1.0,15.842
gss1368_jpg.rf.b827e75e37801eb651ebde131d3f82a3.jpg,0,0,0,0,0.0,0.0,0.0,0.0,15.668
gss1368_jpg.rf.d77b9a61306adef96e15d43e8e38fa82.jpg,1,1,0,0,1.0,1.0,1.0,1.0,16.627
gss1369_jpg.rf.a48151f3ec45734f2722674921bae21a.jpg,1,1,0,0,1.0,1.0,1.0,1.0,16.556
gss1369_jpg.rf.d6ca2afe89c554cccaef0b8736b49c45.jpg,1,1,0,0,1.0,1.0,1.0,1.0,16.586
gss1369_jpg.rf.d9b3a746163d4013c96378f57f875a60.jpg,1,1,1,0,0.5,1.0,0.666667,0.833333,16.314
gss1371_jpg.rf.6a569f669e6c94f3ac1da4a9f2aba6f9.jpg,1,1,0,0,1.0,1.0,1.0,1.0,16.592
gss1371_jpg.rf.7af86ab28eb3319bc9258255547a1058.jpg,1,1,0,0,1.0,1.0,1.0,1.0,16.57
gss1371_jpg.rf.da15886b9eccdd5012480f2605f5a905.jpg,1,1,0,0,1.0,1.0,1.0,1.0,16.513
gss1374_jpg.rf.7b3226e62954f311f637367cbf323953.jpg,1,1,0,0,1.0,1.0,1.0,1.0,16.552
gss1374_jpg.rf.827fee56f30b4cec45238dd122e0ffcc.jpg,1,1,0,0,1.0,1.0,1.0,1.0,17.471
gss1374_jpg.rf.919b374420202e341df6244feac69153.jpg,1,1,0,0,1.0,1.0,1.0,1.0,16.634
gss1385_jpg.rf.3173192408e08667da18d2b58553dbdd.jpg,1,1,0,0,1.0,1.0,1.0,1.0,16.561
gss1385_jpg.rf.6cae1881e2bf19d85e55dc8e1fe31f05.jpg,5,5,1,0,0.833333,1.0,0.909091,0.961538,16.333
gss1385_jpg.rf.9ef59c14b59c20060b3890a23ff4158b.jpg,1,1,0,0,1.0,1.0,1.0,1.0,16.669
gss1385_jpg.rf.d5e404cc7e9581e17fb3b84700531057.jpg,2,2,0,0,1.0,1.0,1.0,1.0,16.555
gss1385_jpg.rf.d656cae968e8f8297e587d42c76b3ed7.jpg,1,1,0,0,1.0,1.0,1.0,1.0,16.516
gss1387_jpg.rf.6b1eb0b1b5210f2304d00b0240d97b13.jpg,2,2,0,0,1.0,1.0,1.0,1.0,16.755
gss1387_jpg.rf.8095c7007a8fd06536e945e289fbcff7.jpg,6,6,0,0,1.0,1.0,1.0,1.0,16.439
gss1387_jpg.rf.81a4cd36dad5f7c0ba6801dffd2574bc.jpg,1,1,0,0,1.0,1.0,1.0,1.0,16.667
gss1389_jpg.rf.633e59b68549b2064f61a2590e1382d4.jpg,1,1,0,0,1.0,1.0,1.0,1.0,16.778
gss1389_jpg.rf.9649984b7ef48ab35e663cd332225057.jpg,2,2,0,0,1.0,1.0,1.0,1.0,16.548
gss1389_jpg.rf.9c40e405a91970da475c623c6d76c721.jpg,0,0,0,0,0.0,0.0,0.0,0.0,15.709
gss1389_jpg.rf.c89d5d11527f1252b0578ecad11d85e1.jpg,6,6,1,0,0.857143,1.0,0.923077,0.967742,17.361
gss1397_jpg.rf.24f50345b182ead2ed2157533ba17a64.jpg,1,1,0,0,1.0,1.0,1.0,1.0,16.102
gss1397_jpg.rf.92a35749975d8299678f459c31861b5d.jpg,1,1,0,0,1.0,1.0,1.0,1.0,16.911
gss1397_jpg.rf.a868017fa81324197769e67c1e498868.jpg,1,1,0,0,1.0,1.0,1.0,1.0,17.134
gss1400_jpg.rf.344114a3b102d78ea45b93cf6c1fd2db.jpg,1,1,0,0,1.0,1.0,1.0,1.0,16.692
gss1400_jpg.rf.7488627c920cd35321de821d3388679b.jpg,1,1,0,0,1.0,1.0,1.0,1.0,15.959
gss1400_jpg.rf.7e9ad12488c3a8f2ada3cca06977c176.jpg,7,7,0,0,1.0,1.0,1.0,1.0,16.502
gss1402_jpg.rf.0a7830876165bc5b78a9f285329ecb7b.jpg,6,6,0,0,1.0,1.0,1.0,1.0,16.501
gss1402_jpg.rf.2176dde0ce3c92b00a50b6cb9b069d5c.jpg,1,1,0,0,1.0,1.0,1.0,1.0,16.803
gss1402_jpg.rf.3b023043df7816f069b62ac1dc2ce9dd.jpg,2,2,0,0,1.0,1.0,1.0,1.0,16.539
gss1411_jpg.rf.20262b89a3c908bfae1077c39df6c21b.jpg,1,1,0,0,1.0,1.0,1.0,1.0,16.643
gss1411_jpg.rf.310310b0fa0b17b4b2cdf5c6a4eb987d.jpg,1,1,0,0,1.0,1.0,1.0,1.0,15.802
gss1411_jpg.rf.6c882e017670be0367f7c8aeeb7c8132.jpg,7,5,0,2,1.0,0.714286,0.833333,0.757576,16.483
gss1413_jpg.rf.3ddd52651104526b9150a6ffc2367bca.jpg,1,1,0,0,1.0,1.0,1.0,1.0,16.639
gss1413_jpg.rf.57069f48251b30d332c8601b3da73c59.jpg,1,1,0,0,1.0,1.0,1.0,1.0,16.45
gss1413_jpg.rf.a5ddd1d920c72d7ff3f64ad3f8fad39f.jpg,7,5,1,2,0.833333,0.714286,0.769231,0.735294,16.503
gss1417_jpg.rf.0716917225015de38116e0b676f29e5c.jpg,1,1,0,0,1.0,1.0,1.0,1.0,16.514
gss1417_jpg.rf.3626ad995af37816a6adfbf79a6fbf7b.jpg,7,7,0,0,1.0,1.0,1.0,1.0,16.48
gss1417_jpg.rf.ed0cc7e2fa5f098d87e050cd7be6f1ac.jpg,1,1,0,0,1.0,1.0,1.0,1.0,16.627
gss1419_jpg.rf.030363e8ed2a00371d879e1e0cbf8eac.jpg,7,7,0,0,1.0,1.0,1.0,1.0,16.428
gss1419_jpg.rf.4bb9c3dfbaa4fe382065abcb03628712.jpg,1,1,0,0,1.0,1.0,1.0,1.0,16.75
gss1419_jpg.rf.4d6baa6089bd647481fd5a1e0e95222a.jpg,1,1,0,0,1.0,1.0,1.0,1.0,16.709
gss1427_jpg.rf.4355267ba50fbd5922cf54e18b7872d5.jpg,1,0,2,1,0.0,0.0,0.0,0.0,16.554
gss1427_jpg.rf.4806283162ea069c8fcbc130e23409ea.jpg,1,1,0,0,1.0,1.0,1.0,1.0,16.593
gss1427_jpg.rf.5990b54f11012efa5a869d3f44a5402e.jpg,1,1,0,0,1.0,1.0,1.0,1.0,16.594
gss1453_jpg.rf.6194491373fce088d84959ed52bb86e9.jpg,0,0,0,0,0.0,0.0,0.0,0.0,15.928
gss1453_jpg.rf.71a7015b7f6bef74ab0aff2841eb5a56.jpg,2,2,0,0,1.0,1.0,1.0,1.0,17.543
gss1474_jpg.rf.5904288e9f5349d64f9e69ba4c6a1239.jpg,1,1,0,0,1.0,1.0,1.0,1.0,16.977
gss1474_jpg.rf.904c01cb77d86de94b7c9d76f3871a0a.jpg,0,0,0,0,0.0,0.0,0.0,0.0,15.971
gss1474_jpg.rf.f455c96aaca6d1365441aba71407e5d5.jpg,1,1,0,0,1.0,1.0,1.0,1.0,16.673
gss148_jpg.rf.1311d1d64ded1ef2de32c11c79fa4c7b.jpg,1,1,0,0,1.0,1.0,1.0,1.0,15.882
gss148_jpg.rf.1c192ee424d661d546001557251cc277.jpg,0,0,0,0,0.0,0.0,0.0,0.0,15.644
gss148_jpg.rf.60c94c4c5cf23ac210ad60fbbe0e8038.jpg,1,1,0,0,1.0,1.0,1.0,1.0,16.443
gss1502_jpg.rf.8de6f15b62f91589c5be0f53110244ff.jpg,7,7,0,0,1.0,1.0,1.0,1.0,16.459
gss1502_jpg.rf.a8ae22f8fa6a97ca628fd2d5b0102062.jpg,1,1,0,0,1.0,1.0,1.0,1.0,16.436
gss1502_jpg.rf.ebd5a80851ccf704c737058e6ab62165.jpg,1,1,0,0,1.0,1.0,1.0,1.0,16.609
gss1521_jpg.rf.4903c59d9f20d15c378b40a5b599770f.jpg,1,1,0,0,1.0,1.0,1.0,1.0,16.734
gss1521_jpg.rf.92baec528356d225d2028d996112870d.jpg,2,2,0,0,1.0,1.0,1.0,1.0,16.633
gss1521_jpg.rf.fe04af71107e401d3e422e29913e782d.jpg,1,1,0,0,1.0,1.0,1.0,1.0,16.534
gss1522_jpg.rf.118349a362c9b70f23a1672480ccb3ce.jpg,1,1,0,0,1.0,1.0,1.0,1.0,16.003
gss1522_jpg.rf.331b3d5355647af99721ddac649483e9.jpg,1,1,0,0,1.0,1.0,1.0,1.0,16.148
gss1522_jpg.rf.ba214e15b45e0744137433c3e4eb10dc.jpg,1,1,0,0,1.0,1.0,1.0,1.0,15.935
gss1532_jpg.rf.1bd0f1d6c17bf3160ec1600974874398.jpg,1,1,0,0,1.0,1.0,1.0,1.0,17.228
gss1532_jpg.rf.8f4a39748d5482ba0eceb3797d4791fd.jpg,1,1,0,0,1.0,1.0,1.0,1.0,15.898
gss1533_jpg.rf.5acb828c1ca8bd68c403330f61f2d350.jpg,1,1,0,0,1.0,1.0,1.0,1.0,16.561
gss1533_jpg.rf.ff53558e097717b7fd37d4643090d404.jpg,1,1,0,0,1.0,1.0,1.0,1.0,16.657
gss1534_jpg.rf.a2ea4f0ac4a34b671f6ed2e027580e49.jpg,1,1,0,0,1.0,1.0,1.0,1.0,15.888
gss1534_jpg.rf.bd21a01bbefff26ed32fdb5bb452fc32.jpg,1,1,0,0,1.0,1.0,1.0,1.0,16.919
gss1541_jpg.rf.54b24f08d0a7649530f22293b246b12a.jpg,0,0,0,0,0.0,0.0,0.0,0.0,15.686
gss1541_jpg.rf.820fe7e6f6d6c0f96e1ddb260524321d.jpg,1,1,0,0,1.0,1.0,1.0,1.0,16.547
gss1541_jpg.rf.908638a67b54bfd299a8ca64447f8bb3.jpg,1,1,0,0,1.0,1.0,1.0,1.0,16.56
gss1552_jpg.rf.4116f8d9df777141422c015fa7018dd3.jpg,1,1,0,0,1.0,1.0,1.0,1.0,16.424
gss1552_jpg.rf.70dd9b3d4b284c848b913612d5160191.jpg,1,1,0,0,1.0,1.0,1.0,1.0,15.861
gss1552_jpg.rf.8c9ddf3493c3682cbf16cdcc7669e67f.jpg,1,0,0,1,0.0,0.0,0.0,0.0,16.598
gss1552_jpg.rf.cdcbb5aae756f4554b0e6807b79f083e.jpg,0,0,0,0,0.0,0.0,0.0,0.0,16.066
gss1570_jpg.rf.065c30803da4b73fd57197756e2aa9d1.jpg,0,0,0,0,0.0,0.0,0.0,0.0,15.889
gss1570_jpg.rf.c98944507245e4aec1d3505d7e4f26be.jpg,1,1,0,0,1.0,1.0,1.0,1.0,16.656
gss1570_jpg.rf.e481fe1e49d1f25168b698f67f1b90a8.jpg,1,1,0,0,1.0,1.0,1.0,1.0,16.55
gss1575_jpg.rf.07816bc589e662ec624bbff6abaf8a5e.jpg,1,0,0,1,0.0,0.0,0.0,0.0,15.743
gss1575_jpg.rf.2b1cba81d1cf18e1c8b96e6cf06fe101.jpg,1,0,0,1,0.0,0.0,0.0,0.0,15.656
gss1575_jpg.rf.990ffc5f06a60e162b923fe214fdafcb.jpg,1,1,0,0,1.0,1.0,1.0,1.0,16.247
gss1586_jpg.rf.c490849b302713ac71d30e6c10fc6d0a.jpg,1,1,0,0,1.0,1.0,1.0,1.0,16.267
gss1586_jpg.rf.e9b214aa8ed032e8c169cef2615637c5.jpg,1,1,0,0,1.0,1.0,1.0,1.0,16.555
gss1587_jpg.rf.44efe78ec15820fa1a037cf0498914f9.jpg,1,1,0,0,1.0,1.0,1.0,1.0,16.37
gss1587_jpg.rf.c33e85074c484d9f8681298c9a856fad.jpg,1,1,0,0,1.0,1.0,1.0,1.0,16.497
gss1591_jpg.rf.14b6ca5bbbf41601b95010bdabc77c33.jpg,1,1,0,0,1.0,1.0,1.0,1.0,16.617
gss1591_jpg.rf.402aeac2c0bdbb9659d6075fccee1a03.jpg,0,0,0,0,0.0,0.0,0.0,0.0,15.798
gss1591_jpg.rf.6cde0dff601ddddb041d206e5e2ef038.jpg,1,1,0,0,1.0,1.0,1.0,1.0,16.65
gss1591_jpg.rf.9dccfc4944d0f7c84ba51a9c60cfddbc.jpg,0,0,0,0,0.0,0.0,0.0,0.0,15.659
gss1593_jpg.rf.af52890ac9e0a8733c64e572a10eb872.jpg,1,1,0,0,1.0,1.0,1.0,1.0,16.046
gss1593_jpg.rf.f557f383a7125aeb0ebfd2e6ea301023.jpg,1,1,0,0,1.0,1.0,1.0,1.0,16.627
gss15_jpg.rf.98fc48a50fc5adef4ff582540cb9617f.jpg,1,1,0,0,1.0,1.0,1.0,1.0,16.312
gss15_jpg.rf.c96e696e55f4e3e80e5fd72f230271eb.jpg,2,2,2,0,0.5,1.0,0.666667,0.833333,16.559
gss15_jpg.rf.ef8ed3bb18d7b8fc14239070ff395af7.jpg,1,1,0,0,1.0,1.0,1.0,1.0,15.576
gss15_jpg.rf.eff221995ecfbdf55e961b175d0d9966.jpg,1,1,0,0,1.0,1.0,1.0,1.0,16.4
gss1615_jpg.rf.695275a21e8dad65ace4b0fffcbc3197.jpg,1,1,0,0,1.0,1.0,1.0,1.0,15.779
gss1615_jpg.rf.72c7f66bd38948f9b17548a0eda4661f.jpg,1,0,0,1,0.0,0.0,0.0,0.0,15.81
gss1626_jpg.rf.4216f7dbabb207113384dd396cc0f793.jpg,2,2,0,0,1.0,1.0,1.0,1.0,16.717
gss1626_jpg.rf.eb6764660fde81974bb48e15717a6933.jpg,1,1,0,0,1.0,1.0,1.0,1.0,16.742
gss1627_jpg.rf.1ea0f7aeb34df9ce4b0764dd8ef14968.jpg,2,1,0,1,1.0,0.5,0.666667,0.555556,16.933
gss1627_jpg.rf.773ffb2e2686bf92d641e0faecf398e6.jpg,1,1,0,0,1.0,1.0,1.0,1.0,16.604
gss1627_jpg.rf.c722f186e59ebf36f51f535f20bbdb10.jpg,0,0,0,0,0.0,0.0,0.0,0.0,16.52
gss1627_jpg.rf.d992f97b89901df446cede9a0ad2447b.jpg,2,1,0,1,1.0,0.5,0.666667,0.555556,16.31
gss1641_jpg.rf.5e685390131d9b250d509e9755434b98.jpg,1,1,0,0,1.0,1.0,1.0,1.0,15.918
gss1641_jpg.rf.87d3e2a463b8c59d159b8087917b024c.jpg,1,1,0,0,1.0,1.0,1.0,1.0,16.697
gss1650_jpg.rf.594c7514b728ac2a68feab6a8e1f85f1.jpg,1,1,0,0,1.0,1.0,1.0,1.0,16.577
gss1650_jpg.rf.a557c32d858e86d0ac22f35bc513c5c9.jpg,1,1,0,0,1.0,1.0,1.0,1.0,15.881
gss1661_jpg.rf.942a877efa46d04063bc734b3fc51e5c.jpg,6,4,1,2,0.8,0.666667,0.727273,0.689655,15.796
gss1661_jpg.rf.9bbd50e3c81dce3a904d1970a716ea85.jpg,2,2,0,0,1.0,1.0,1.0,1.0,15.981
gss1669_jpg.rf.38e137ed10110e6bc3f6fc50798b5d1c.jpg,2,2,0,0,1.0,1.0,1.0,1.0,15.938
gss1669_jpg.rf.41d096fe3c98a5cd919766cb0b338b0c.jpg,4,4,0,0,1.0,1.0,1.0,1.0,16.057
gss1669_jpg.rf.baa2cb9c454f15b62ac5c78cb0dc9770.jpg,2,1,4,1,0.2,0.5,0.285714,0.384615,16.088
gss1690_jpg.rf.521b647d5b8cb81a238373f002a5ae3a.jpg,1,1,0,0,1.0,1.0,1.0,1.0,16.746
gss1690_jpg.rf.88abe878c2d65407fb1eb9fa6bb6e583.jpg,5,5,0,0,1.0,1.0,1.0,1.0,16.457
gss1690_jpg.rf.b2caf4c88184fbda4be0ee5a91ef1419.jpg,1,1,0,0,1.0,1.0,1.0,1.0,16.656
gss1694_jpg.rf.10f900d516857ca5efdb06cf90e26dd8.jpg,0,0,0,0,0.0,0.0,0.0,0.0,15.998
gss1694_jpg.rf.1ea5f6653c1d9b74a13e75baf8839730.jpg,5,5,1,0,0.833333,1.0,0.909091,0.961538,16.685
gss1694_jpg.rf.395f62380e693b9408ade4f2ed08f38d.jpg,1,1,0,0,1.0,1.0,1.0,1.0,16.131
gss1694_jpg.rf.e849513c0d88151d444522f3afe43222.jpg,2,1,0,1,1.0,0.5,0.666667,0.555556,16.816
gss1694_jpg.rf.f8d2f455066de386d3aabe82dfd2ad72.jpg,1,1,0,0,1.0,1.0,1.0,1.0,16.765
gss1696_jpg.rf.35a0ec242ecf07c11c36eee855fb6925.jpg,1,1,0,0,1.0,1.0,1.0,1.0,16.791
gss1696_jpg.rf.35a202665eb20d87401233fc508f8cd8.jpg,4,3,1,1,0.75,0.75,0.75,0.75,16.571
gss1696_jpg.rf.4d42cd70a6cbbea27e05688fe00ca726.jpg,0,0,0,0,0.0,0.0,0.0,0.0,15.794
gss1696_jpg.rf.e75165b6c9e493948e7a5e9e7006040e.jpg,1,1,1,0,0.5,1.0,0.666667,0.833333,15.899
gss1698_jpg.rf.42b8f580f9ed49170263c061e178cbb9.jpg,1,1,0,0,1.0,1.0,1.0,1.0,15.889
gss1698_jpg.rf.605b0c91d25ed94ac0af255f2db48c46.jpg,5,5,2,0,0.714286,1.0,0.833333,0.925926,16.152
gss1698_jpg.rf.8f9cce83e5fc256806b119b443a6184b.jpg,1,1,0,0,1.0,1.0,1.0,1.0,16.345
gss1698_jpg.rf.e92540eb292fedcc6fddffda0ec95e09.jpg,0,0,1,0,0.0,0.0,0.0,0.0,16.47
gss169_jpg.rf.3283db0861f88b93190ae898e914ddb5.jpg,1,1,0,0,1.0,1.0,1.0,1.0,17.444
gss169_jpg.rf.3a4aac46eab509292bf65a5882af91d1.jpg,1,1,0,0,1.0,1.0,1.0,1.0,16.55
gss1713_jpg.rf.c4ec0783f1228936ee0d11668d8bbfde.jpg,1,1,0,0,1.0,1.0,1.0,1.0,16.549
gss1713_jpg.rf.ec870e18905c7ac02ef7ea9c531ca45e.jpg,1,1,0,0,1.0,1.0,1.0,1.0,16.937
gss172_jpg.rf.4238254182d268cf6fbef6782462df9f.jpg,0,0,0,0,0.0,0.0,0.0,0.0,15.647
gss172_jpg.rf.afc6d7605f27da2d64b6de93ac73fd51.jpg,1,1,0,0,1.0,1.0,1.0,1.0,16.047
gss172_jpg.rf.c6d200e057ae9debde9343d7123de86a.jpg,1,1,0,0,1.0,1.0,1.0,1.0,16.845
gss1749_jpg.rf.0f9c470701e8a7df960f7c9da3ca5c8d.jpg,2,2,0,0,1.0,1.0,1.0,1.0,16.639
gss1749_jpg.rf.d401962dbb38d541dde3555bdf66735e.jpg,1,1,0,0,1.0,1.0,1.0,1.0,16.562
gss1753_jpg.rf.b160c01dc084d7cddb357dc01d92f827.jpg,1,1,2,0,0.333333,1.0,0.5,0.714286,16.586
gss1753_jpg.rf.e597f09b4501bc9823e73e950af12772.jpg,2,2,0,0,1.0,1.0,1.0,1.0,16.556
gss1757_jpg.rf.67c302c4bc1b7842ff7aaa0016f4e580.jpg,1,0,1,1,0.0,0.0,0.0,0.0,16.751
gss1757_jpg.rf.9f2ecf5b4caa2a097c8c3c261c8466b9.jpg,1,1,0,0,1.0,1.0,1.0,1.0,16.633
gss1757_jpg.rf.babc81571c5cb3e54ac5a69e8c712dad.jpg,1,1,0,0,1.0,1.0,1.0,1.0,16.51
gss1758_jpg.rf.5dc462dfbebcb3011462ce450ffcb3c3.jpg,0,0,0,0,0.0,0.0,0.0,0.0,15.839
gss1758_jpg.rf.6a66f51948edb1165ff92ffe8f47e05c.jpg,1,1,0,0,1.0,1.0,1.0,1.0,16.511
gss1758_jpg.rf.d7be8e2de5c3625a641912cd07856549.jpg,1,1,0,0,1.0,1.0,1.0,1.0,16.72
gss1761_jpg.rf.16ea34a52a61a97845962d2224c299a3.jpg,1,1,0,0,1.0,1.0,1.0,1.0,16.289
gss1761_jpg.rf.27c477d96cdf894721da68d7e6fb63c8.jpg,1,1,0,0,1.0,1.0,1.0,1.0,16.54
gss1761_jpg.rf.914372cec0cf09c2afa3b3188e4c995d.jpg,1,1,0,0,1.0,1.0,1.0,1.0,16.724
gss176_jpg.rf.26349c72893cd6c97bd6dd855cd02aa4.jpg,1,1,0,0,1.0,1.0,1.0,1.0,16.471
gss176_jpg.rf.a8e83818b0a7bdff30a87ab2df9393f1.jpg,1,1,0,0,1.0,1.0,1.0,1.0,16.461
gss1775_jpg.rf.29a36c04cc0c3a4a7514b52024ad0a8b.jpg,1,0,1,1,0.0,0.0,0.0,0.0,16.615
gss1775_jpg.rf.e87e5b6bf4189222701627b8224226d9.jpg,1,1,0,0,1.0,1.0,1.0,1.0,16.841
gss1827_jpg.rf.64574aebe4482773037e9b3bbc10a765.jpg,1,1,0,0,1.0,1.0,1.0,1.0,16.002
gss1827_jpg.rf.a4fe43e9b8a38bd305d3456cac6fef4c.jpg,4,4,0,0,1.0,1.0,1.0,1.0,16.606
gss1827_jpg.rf.f197f3c0c493ca2ff8d38df46b547e7d.jpg,1,1,0,0,1.0,1.0,1.0,1.0,15.989
gss1830_jpg.rf.00813495d7893e2519fc9696a34310b9.jpg,0,0,0,0,0.0,0.0,0.0,0.0,16.493
gss1830_jpg.rf.04e1c7ed90475818e96c8d4026bd00ba.jpg,1,1,0,0,1.0,1.0,1.0,1.0,16.914
gss1830_jpg.rf.69d8470e2dc3773860c63f58c65f2de0.jpg,1,1,0,0,1.0,1.0,1.0,1.0,16.779
gss1830_jpg.rf.93b9d493a38d466c8f0c3bfb990fa00c.jpg,5,5,1,0,0.833333,1.0,0.909091,0.961538,16.596
gss1830_jpg.rf.f79598a95234c85bc5e972475edcf19a.jpg,0,0,0,0,0.0,0.0,0.0,0.0,15.3
gss1831_jpg.rf.225df32d20d9791ce96f42f4019ef359.jpg,1,1,0,0,1.0,1.0,1.0,1.0,16.385
gss1831_jpg.rf.4be61306863ebcc0219140ae6a6f26e0.jpg,1,1,0,0,1.0,1.0,1.0,1.0,16.366
gss1831_jpg.rf.64361b1f1fff8ea265829ab1ccc89adf.jpg,4,4,1,0,0.8,1.0,0.888889,0.952381,16.534
gss1831_jpg.rf.f6c6437ce95c3bb932a8323dc3c75bf3.jpg,0,0,0,0,0.0,0.0,0.0,0.0,15.735
gss183_jpg.rf.03cfa330cbc45c5b07a0462bbb955050.jpg,1,1,0,0,1.0,1.0,1.0,1.0,16.716
gss183_jpg.rf.8fb4b97023b80b533e72c47e83eded31.jpg,1,0,0,1,0.0,0.0,0.0,0.0,15.245
gss183_jpg.rf.ef23696b5c045c0d03cd18d02dc8e01c.jpg,1,1,0,0,1.0,1.0,1.0,1.0,15.507
gss1849_jpg.rf.31405e8accd4476f449ba626aed221df.jpg,0,0,0,0,0.0,0.0,0.0,0.0,15.614
gss1849_jpg.rf.a855edb824185a5d85959f8f5df270b0.jpg,1,1,0,0,1.0,1.0,1.0,1.0,15.874
gss1849_jpg.rf.b5476b2734b7e643abd773d23d47d624.jpg,4,4,0,0,1.0,1.0,1.0,1.0,16.642
gss1849_jpg.rf.ceec9c675a28e2bbd90ae5898e9eafb6.jpg,1,1,0,0,1.0,1.0,1.0,1.0,16.784
gss186_jpg.rf.5f2a426bf978e06f913755bf4603613d.jpg,1,0,0,1,0.0,0.0,0.0,0.0,15.585
gss186_jpg.rf.61d8c4721d9d64d41560106e7cd9c8a7.jpg,1,1,0,0,1.0,1.0,1.0,1.0,15.907
gss186_jpg.rf.c9174f6c47d07ebe5b8bec5c8b7459ac.jpg,1,1,0,0,1.0,1.0,1.0,1.0,16.321
gss1880_jpg.rf.9232a1bbcf55a18cdb81401c1b9f7d80.jpg,4,4,1,0,0.8,1.0,0.888889,0.952381,16.577
gss1880_jpg.rf.af5dc166b78bb54466b74e41ab2e5744.jpg,1,1,1,0,0.5,1.0,0.666667,0.833333,16.74
gss1892_jpg.rf.15b81203a279c3bf05f426d4044f3950.jpg,2,2,0,0,1.0,1.0,1.0,1.0,16.144
gss1892_jpg.rf.2f741905afb26e33b6e7dbf6a4f2e4d2.jpg,4,4,0,0,1.0,1.0,1.0,1.0,16.553
gss1892_jpg.rf.9d3229d5d3ac0d1107e475834f694411.jpg,3,2,0,1,1.0,0.666667,0.8,0.714286,16.505
gss1905_jpg.rf.a17611e64fd6c3b6eb430238e1bd78ca.jpg,1,1,2,0,0.333333,1.0,0.5,0.714286,16.615
gss1905_jpg.rf.b6f28b883dab4418c51a059d3f0b08b1.jpg,1,1,1,0,0.5,1.0,0.666667,0.833333,15.81
gss1905_jpg.rf.d5f150843c544bdb4bebbbd3a60c52ab.jpg,1,0,6,1,0.0,0.0,0.0,0.0,16.627
gss1931_jpg.rf.3f288ee04a3ebce40736f067a97c2402.jpg,2,1,0,1,1.0,0.5,0.666667,0.555556,16.844
gss1931_jpg.rf.7d8a590bb3bc01d327aa2fb04a47aba0.jpg,1,1,0,0,1.0,1.0,1.0,1.0,17.159
gss1931_jpg.rf.97fbda2986b57d2b668e223e01418888.jpg,1,1,0,0,1.0,1.0,1.0,1.0,16.22
gss1931_jpg.rf.a691ca91a378128baca1b4f6e3f2e61b.jpg,0,0,0,0,0.0,0.0,0.0,0.0,15.877
gss1931_jpg.rf.ca96e89d216f2376a6b492211af4e325.jpg,1,1,0,0,1.0,1.0,1.0,1.0,15.639
gss1937_jpg.rf.47f208e8506165225150c05de7b0c3c9.jpg,2,2,0,0,1.0,1.0,1.0,1.0,15.782
gss1937_jpg.rf.ca53d820c22616dc3d2e9904d128b062.jpg,0,0,0,0,0.0,0.0,0.0,0.0,15.526
gss195_jpg.rf.5b71572a3e22d49422c9f4492ccf85d8.jpg,1,1,0,0,1.0,1.0,1.0,1.0,17.508
gss195_jpg.rf.6c121559c85e07580eefb1f543183eae.jpg,1,1,0,0,1.0,1.0,1.0,1.0,16.482
gss1961_jpg.rf.54525d8cec6f4e0d9cfa4bf1787ee652.jpg,2,2,3,0,0.4,1.0,0.571429,0.769231,16.536
gss1961_jpg.rf.6f9ce0141d681920547c2c3b9e2a1db2.jpg,1,1,0,0,1.0,1.0,1.0,1.0,16.646
gss1961_jpg.rf.ccd8ce181d83e33b5a6085ef2fa73ef3.jpg,0,0,0,0,0.0,0.0,0.0,0.0,15.694
gss1966_jpg.rf.128b229f9fbdd0f7dc059cc3b7c4b6c9.jpg,1,1,0,0,1.0,1.0,1.0,1.0,16.573
gss1966_jpg.rf.6fad404acf5950f32b480869e791394b.jpg,0,0,0,0,0.0,0.0,0.0,0.0,15.591
gss1966_jpg.rf.755aa53a580ed5e32a403efd1385b766.jpg,1,1,0,0,1.0,1.0,1.0,1.0,16.389
gss1969_jpg.rf.4bf9b82a1e073a072952daebc62afb98.jpg,0,0,0,0,0.0,0.0,0.0,0.0,15.563
gss1969_jpg.rf.5ac24fbd8f44fe3deac3eb7c2576534a.jpg,1,1,0,0,1.0,1.0,1.0,1.0,16.487
gss1969_jpg.rf.cc0c8587bf5f92964dcf9bcc02ce0244.jpg,1,1,0,0,1.0,1.0,1.0,1.0,16.47
gss1979_jpg.rf.65c168fe5cf80f7aa1afd52c90182418.jpg,1,1,0,0,1.0,1.0,1.0,1.0,16.488
gss1979_jpg.rf.6d8f6c6160ad174071d2e6a703fb7bbd.jpg,1,1,0,0,1.0,1.0,1.0,1.0,16.711
gss1979_jpg.rf.a0ef404011473bbc3ecad619ec26a388.jpg,3,2,0,1,1.0,0.666667,0.8,0.714286,16.588
gss1979_jpg.rf.aaa4d55685ec87517c3af8a64bbb1054.jpg,1,1,0,0,1.0,1.0,1.0,1.0,16.484
gss1979_jpg.rf.c23a14aade8e7cefbbd59f2967729332.jpg,1,1,0,0,1.0,1.0,1.0,1.0,16.276
gss1989_jpg.rf.6054ea99d29526fd02faa23bbeea13b9.jpg,2,1,0,1,1.0,0.5,0.666667,0.555556,16.549
gss1989_jpg.rf.c9a411ff540cf86b1b7d215018eb3148.jpg,2,2,1,0,0.666667,1.0,0.8,0.909091,16.489
gss1989_jpg.rf.f1470bc49f64e2aa6f9f8328dac38db1.jpg,1,1,0,0,1.0,1.0,1.0,1.0,16.859
gss2042_jpg.rf.7c80d618dc60193500de5e2303bb8c15.jpg,1,1,1,0,0.5,1.0,0.666667,0.833333,16.512
gss2042_jpg.rf.7d327fd602f28c7aaf6a27ea6cb0aad4.jpg,1,0,0,1,0.0,0.0,0.0,0.0,15.7
gss2042_jpg.rf.b21900be48f21391abad12b670413905.jpg,1,1,0,0,1.0,1.0,1.0,1.0,16.207
gss2050_jpg.rf.27896bc907c6b5eb6812296895692564.jpg,2,2,0,0,1.0,1.0,1.0,1.0,17.3
gss2050_jpg.rf.9e1331fa2cef061a30f56bb4467ae8a0.jpg,1,1,0,0,1.0,1.0,1.0,1.0,16.53
gss2060_jpg.rf.451cabe2f3fbb4a4ba2e0406d7af5ed9.jpg,1,0,1,1,0.0,0.0,0.0,0.0,16.657
gss2060_jpg.rf.6705d4e8ebc616337b5725e602fb54c2.jpg,1,1,1,0,0.5,1.0,0.666667,0.833333,16.69
gss2060_jpg.rf.9fc02c42459d84b2c79ed961a6a93c7a.jpg,2,2,0,0,1.0,1.0,1.0,1.0,17.164
gss2086_jpg.rf.0ba643200c862c905fe4a564571a9ce6.jpg,1,1,0,0,1.0,1.0,1.0,1.0,16.566
gss2086_jpg.rf.6c596a9dd3e3f233a3f5bedeb1668c52.jpg,1,1,0,0,1.0,1.0,1.0,1.0,16.357
gss2086_jpg.rf.7ff534cdf64cbaa7ce01b1deb6048beb.jpg,1,1,0,0,1.0,1.0,1.0,1.0,17.847
gss2086_jpg.rf.de7c51b5bb99cd0092ef33348b610a68.jpg,1,1,0,0,1.0,1.0,1.0,1.0,16.757
gss2090_jpg.rf.3c3efdb9ee3aa3c07f498fe3773d2954.jpg,1,1,0,0,1.0,1.0,1.0,1.0,16.418
gss2090_jpg.rf.4e94099cc5b8ea8412c484cebed1f675.jpg,1,1,0,0,1.0,1.0,1.0,1.0,15.899
gss2090_jpg.rf.707836e2132c56f88d565c2154833d20.jpg,3,3,0,0,1.0,1.0,1.0,1.0,16.635
gss20_jpg.rf.618c9a0ae14608d7020e5cc9d54818ac.jpg,1,1,0,0,1.0,1.0,1.0,1.0,15.747
gss2101_jpg.rf.690b3f8b283e9c2b8b08cf4721cff804.jpg,1,1,0,0,1.0,1.0,1.0,1.0,16.533
gss2101_jpg.rf.75c8c461c37ef5984db03524a2535dcf.jpg,1,1,0,0,1.0,1.0,1.0,1.0,16.443
gss2101_jpg.rf.d7c6570246ca8415804e65116f2bda5c.jpg,3,3,0,0,1.0,1.0,1.0,1.0,16.482
gss2102_jpg.rf.27df584c3bbc870135a4a34be5015b9c.jpg,1,1,0,0,1.0,1.0,1.0,1.0,16.478
gss2102_jpg.rf.2d3c2d22e521b2c87c2aaa93be709184.jpg,1,1,0,0,1.0,1.0,1.0,1.0,16.195
gss2102_jpg.rf.3dac9e55b6778f77fd006391542b11ed.jpg,0,0,0,0,0.0,0.0,0.0,0.0,15.721
gss2102_jpg.rf.5bb077d2912cb3ef77febaf6f2ddaaa0.jpg,3,3,0,0,1.0,1.0,1.0,1.0,16.423
gss2102_jpg.rf.7326f09b03e1da079fccca511ab0995f.jpg,0,0,0,0,0.0,0.0,0.0,0.0,15.41
gss210_jpg.rf.0a28a599138b7d5603c07198ac209ed3.jpg,0,0,0,0,0.0,0.0,0.0,0.0,15.517
gss210_jpg.rf.825e5f815353633e53d2e1059386494c.jpg,1,1,0,0,1.0,1.0,1.0,1.0,16.315
gss210_jpg.rf.c92e496c8132f401627c8d2910a7bdaf.jpg,1,1,0,0,1.0,1.0,1.0,1.0,15.707
gss221_jpg.rf.1c2b0e0293251aaf99aa5d473f407c3a.jpg,1,1,0,0,1.0,1.0,1.0,1.0,15.801
gss221_jpg.rf.4a4446da30cf676ef2a5ce5211e3de51.jpg,1,1,0,0,1.0,1.0,1.0,1.0,15.9
gss221_jpg.rf.df00242654f2547fb6f3406ace236f8a.jpg,2,1,0,1,1.0,0.5,0.666667,0.555556,16.588
gss223_jpg.rf.602638b7cd93034261205a5552a3d0d7.jpg,1,0,0,1,0.0,0.0,0.0,0.0,16.399
gss223_jpg.rf.d94205c69ca096d0603c53c6d9be63b5.jpg,2,2,0,0,1.0,1.0,1.0,1.0,16.166
gss223_jpg.rf.dfd806456f2e7031aee112d8b81d5688.jpg,1,1,0,0,1.0,1.0,1.0,1.0,16.548
gss227_jpg.rf.25fafa335eb265c86699594bb01dcddb.jpg,0,0,0,0,0.0,0.0,0.0,0.0,15.517
gss227_jpg.rf.2b337a50df1f1f7b1e798fd2f1cd5d7d.jpg,2,2,0,0,1.0,1.0,1.0,1.0,16.408
gss228_jpg.rf.7c75ef4cb53c40264a5272e687c69152.jpg,1,1,0,0,1.0,1.0,1.0,1.0,16.461
gss228_jpg.rf.c24bc9cc0ce5a7479b28b7bee419a510.jpg,2,2,0,0,1.0,1.0,1.0,1.0,15.714
gss241_jpg.rf.0e6c36e415b37a3297262d9979cb827c.jpg,0,0,0,0,0.0,0.0,0.0,0.0,15.69
gss241_jpg.rf.4567098bf764522dd6b77c1fa5ce0313.jpg,1,1,0,0,1.0,1.0,1.0,1.0,16.589
gss241_jpg.rf.77111787a4b20eb708b4c150106f2083.jpg,2,1,0,1,1.0,0.5,0.666667,0.555556,17.128
gss241_jpg.rf.afea6b414b63658eccf9624c637dea23.jpg,1,1,0,0,1.0,1.0,1.0,1.0,16.644
gss265_jpg.rf.061663719bbe10f5741f2484499c174e.jpg,1,1,0,0,1.0,1.0,1.0,1.0,16.671
gss268_jpg.rf.9204545ccee5d4ed32b89bfb03a86551.jpg,1,0,0,1,0.0,0.0,0.0,0.0,15.588
gss292_jpg.rf.435d21baa310db335f5a1c22958b6a09.jpg,1,1,1,0,0.5,1.0,0.666667,0.833333,16.414
gss292_jpg.rf.ef2a76d053d31fa2b61962e4242c0f3c.jpg,1,1,0,0,1.0,1.0,1.0,1.0,15.936
gss297_jpg.rf.03435190f80aec86c66453155cb44d0a.jpg,0,0,0,0,0.0,0.0,0.0,0.0,15.688
gss297_jpg.rf.790f449d978d3294b6d1f44df8988f0a.jpg,1,1,0,0,1.0,1.0,1.0,1.0,16.588
gss300_jpg.rf.142f22ad18ba29ce14a932acf6bb2de0.jpg,1,1,0,0,1.0,1.0,1.0,1.0,17.018
gss300_jpg.rf.aa40d81d2debd9b5ecaaf29432bb5783.jpg,0,0,0,0,0.0,0.0,0.0,0.0,16.052
gss300_jpg.rf.cd7c3beb92e564941fac14e8d179b0b3.jpg,1,1,0,0,1.0,1.0,1.0,1.0,16.442
gss300_jpg.rf.e4f5b72dcf572736dfc3e823216e7c85.jpg,2,2,0,0,1.0,1.0,1.0,1.0,15.718
gss306_jpg.rf.266b8a6a15c780fd849be0beaf1dd1ea.jpg,2,2,0,0,1.0,1.0,1.0,1.0,16.223
gss313_jpg.rf.43e3ed56bd41bf42f7b5f8229dd030fc.jpg,2,2,0,0,1.0,1.0,1.0,1.0,16.327
gss319_jpg.rf.f6db9bbf939cf2f61e8725bda62f90a9.jpg,2,2,0,0,1.0,1.0,1.0,1.0,16.304
gss324_jpg.rf.d537d46aff2fa5becd2c3a8447e5c683.jpg,0,0,1,0,0.0,0.0,0.0,0.0,16.175
gss324_jpg.rf.eb6eb9297eed17b12f1b78f88e458272.jpg,2,2,0,0,1.0,1.0,1.0,1.0,16.594
gss32_jpg.rf.1116ca650cd648deac1851593fca8011.jpg,1,1,0,0,1.0,1.0,1.0,1.0,16.297
gss345_jpg.rf.1151bf220935285248830c7d8527fa03.jpg,1,1,0,0,1.0,1.0,1.0,1.0,16.023
gss345_jpg.rf.85ed4509ac094cd9886057b4219f9a28.jpg,1,1,0,0,1.0,1.0,1.0,1.0,16.215
gss345_jpg.rf.971b682ff012470524fbac046a5c5f4f.jpg,0,0,0,0,0.0,0.0,0.0,0.0,15.807
gss353_jpg.rf.0663aad612228e0d6c2cbd445c2a7589.jpg,1,1,0,0,1.0,1.0,1.0,1.0,16.619
gss353_jpg.rf.59fc69fe096d7232f11bf5e232a5f135.jpg,1,1,0,0,1.0,1.0,1.0,1.0,16.48
gss353_jpg.rf.8b0da86d553cc177b3e903848634d7ee.jpg,2,2,0,0,1.0,1.0,1.0,1.0,16.486
gss369_jpg.rf.0c35143050de15199c6a98227f4f2342.jpg,2,1,0,1,1.0,0.5,0.666667,0.555556,16.185
gss369_jpg.rf.8d250feb6830180038ac9dd5339cb419.jpg,1,1,0,0,1.0,1.0,1.0,1.0,15.682
gss369_jpg.rf.a18ead95f080e745d41e94ed4c700c8e.jpg,2,1,1,1,0.5,0.5,0.5,0.5,16.571
gss374_jpg.rf.18658cb4ced4a9592363c8b4da88ace0.jpg,1,1,0,0,1.0,1.0,1.0,1.0,16.432
gss374_jpg.rf.cf52f2e1dae263bba65a27560f24bc38.jpg,1,1,0,0,1.0,1.0,1.0,1.0,16.311
gss385_jpg.rf.085b7e6b2481cb0f761942c9427112c6.jpg,2,2,0,0,1.0,1.0,1.0,1.0,17.093
gss385_jpg.rf.627da3878bd348eeefab06350beddbd0.jpg,1,1,0,0,1.0,1.0,1.0,1.0,16.524
gss385_jpg.rf.dac616776f3494cbe8dde18a4ff1983b.jpg,1,1,0,0,1.0,1.0,1.0,1.0,16.416
gss392_jpg.rf.6c659da6ac86f529920abe26ca8c14c4.jpg,2,1,0,1,1.0,0.5,0.666667,0.555556,16.364
gss392_jpg.rf.ddb47457a241b0feb4dc915d30bd975f.jpg,1,1,0,0,1.0,1.0,1.0,1.0,16.469
gss393_jpg.rf.177e6facaaf1b3497cb927dae0bf1f36.jpg,1,0,0,1,0.0,0.0,0.0,0.0,15.844
gss393_jpg.rf.5a5fccdeb4f2feb4f0a54b5db226c6b9.jpg,2,1,0,1,1.0,0.5,0.666667,0.555556,15.813
gss393_jpg.rf.901a1a4c3d5240f9c829948e40a0770e.jpg,1,1,0,0,1.0,1.0,1.0,1.0,15.86
gss393_jpg.rf.ca35e9306d92ed96d9b79c06d0cdc140.jpg,1,1,0,0,1.0,1.0,1.0,1.0,15.861
gss39_jpg.rf.be6b1239b1158ec825e614db3ce6d0ba.jpg,1,1,0,0,1.0,1.0,1.0,1.0,15.782
gss401_jpg.rf.3df89ecd8faf121d8046f66dad43382c.jpg,1,1,0,0,1.0,1.0,1.0,1.0,16.66
gss401_jpg.rf.a13681956687226a6405d5fa0b377bff.jpg,0,0,0,0,0.0,0.0,0.0,0.0,15.793
gss401_jpg.rf.c6210308aa316eb0c1d36e2ccbd7c9b4.jpg,1,0,0,1,0.0,0.0,0.0,0.0,15.607
gss401_jpg.rf.f8dc62c4c54866bd070975355ba67083.jpg,2,2,1,0,0.666667,1.0,0.8,0.909091,16.47
gss405_jpg.rf.21e88f994e04cb9d1ee9a72bb741fc82.jpg,2,2,0,0,1.0,1.0,1.0,1.0,16.328
gss405_jpg.rf.51e5e21b5d77c79947e873bf4e34d5f5.jpg,1,1,0,0,1.0,1.0,1.0,1.0,16.454
gss405_jpg.rf.ed53e922a07cdebc9a95219b447cc2de.jpg,0,0,0,0,0.0,0.0,0.0,0.0,15.372
gss425_jpg.rf.70657c52bd59861ab117f56acf418434.jpg,1,1,0,0,1.0,1.0,1.0,1.0,17.102
gss425_jpg.rf.a8c29cbb518f13ba3d1c48c9a49f83d8.jpg,2,2,0,0,1.0,1.0,1.0,1.0,16.034
gss426_jpg.rf.b102f535a3c2cf1bc3ead07af90b9acd.jpg,2,1,0,1,1.0,0.5,0.666667,0.555556,16.578
gss426_jpg.rf.d56538f3d1d52bf6f0d70eea1f8cd3a2.jpg,1,0,0,1,0.0,0.0,0.0,0.0,15.81
gss426_jpg.rf.e5a79fe61490f0e4e6263f6b57ff1236.jpg,1,1,0,0,1.0,1.0,1.0,1.0,15.748
gss429_jpg.rf.0d6b08564f107bf4ad0bfa74056e11fb.jpg,1,1,0,0,1.0,1.0,1.0,1.0,15.595
gss429_jpg.rf.4d6ebdd29127def62a9e4ac4c90fb425.jpg,2,2,0,0,1.0,1.0,1.0,1.0,16.289
gss429_jpg.rf.a48cd9e898cb316d7a05c044f8ec0804.jpg,1,0,0,1,0.0,0.0,0.0,0.0,15.446
gss436_jpg.rf.cc2918061c9cc3edc3c3ec34f091bb3c.jpg,1,1,0,0,1.0,1.0,1.0,1.0,16.401
gss450_jpg.rf.877b71b12a1d71f91c95189d8ed71ec4.jpg,0,0,0,0,0.0,0.0,0.0,0.0,15.688
gss450_jpg.rf.af67da7954b054da997ae5e2d6a19b8d.jpg,1,1,0,0,1.0,1.0,1.0,1.0,16.822
gss450_jpg.rf.c77c674219790acc3649b719b8aea0a8.jpg,1,1,1,0,0.5,1.0,0.666667,0.833333,16.353
gss452_jpg.rf.66172a85437fa1c24b58a63d57bf15ae.jpg,2,1,0,1,1.0,0.5,0.666667,0.555556,16.101
gss452_jpg.rf.d49815733340442d49b07c3906762de0.jpg,0,0,0,0,0.0,0.0,0.0,0.0,15.667
gss452_jpg.rf.e287f080de453cd48d7182206cdd8f0c.jpg,1,1,0,0,1.0,1.0,1.0,1.0,16.712
gss479_jpg.rf.e4e5cdfc18eb5a5939a39a222e12a31c.jpg,2,2,1,0,0.666667,1.0,0.8,0.909091,16.617
gss479_jpg.rf.f579eb76245107b0a2dc5c9fad91e653.jpg,1,1,0,0,1.0,1.0,1.0,1.0,16.473
gss482_jpg.rf.410321c1d72e674f7a64d106559b1765.jpg,1,1,0,0,1.0,1.0,1.0,1.0,16.272
gss482_jpg.rf.53ee7fce1751cf887c3ca4a2862af40a.jpg,0,0,0,0,0.0,0.0,0.0,0.0,15.789
gss482_jpg.rf.75f62803fe45ffdd95a4420c99b9802e.jpg,1,1,0,0,1.0,1.0,1.0,1.0,16.335
gss482_jpg.rf.c737867c2549b567f7e7ed6b0cdd040b.jpg,1,1,1,0,0.5,1.0,0.666667,0.833333,16.36
gss488_jpg.rf.3732e5a676dfebe9dac27342a02247e6.jpg,3,1,4,2,0.2,0.333333,0.25,0.294118,16.299
gss488_jpg.rf.83318dd929738b6fd5f4df0904a9fac8.jpg,1,1,0,0,1.0,1.0,1.0,1.0,16.58
gss500_jpg.rf.2c0504be1d8a141232145df631f07bb8.jpg,2,1,1,1,0.5,0.5,0.5,0.5,16.549
gss500_jpg.rf.5374c1cf98a5fcb79c88d2f9e4b5bb05.jpg,1,1,0,0,1.0,1.0,1.0,1.0,15.685
gss500_jpg.rf.f7cc2f8051dbb0bcf20a87c67db74b11.jpg,2,1,1,1,0.5,0.5,0.5,0.5,16.605
gss507_jpg.rf.44abd833045653348302f8820b71e8dc.jpg,0,0,1,0,0.0,0.0,0.0,0.0,16.106
gss507_jpg.rf.aa2aa5aa599d4ad1e2332d2b57005271.jpg,2,1,0,1,1.0,0.5,0.666667,0.555556,17.382
gss507_jpg.rf.b22f2b3218f63e684fa19f5a683c9ccf.jpg,2,2,0,0,1.0,1.0,1.0,1.0,15.961
gss507_jpg.rf.b5ea92df2baa5bcb619ec462bc33ec56.jpg,1,1,0,0,1.0,1.0,1.0,1.0,16.461
gss507_jpg.rf.e365e795c4736be2dd73f88353215a04.jpg,2,1,0,1,1.0,0.5,0.666667,0.555556,16.622
gss50_jpg.rf.e69e4b99dc8bba86c3bb3c7d2745496d.jpg,1,1,0,0,1.0,1.0,1.0,1.0,16.547
gss511_jpg.rf.14998b70ebe257848c9060afaaae2263.jpg,2,1,0,1,1.0,0.5,0.666667,0.555556,16.371
gss511_jpg.rf.35d4ee751854c5b79db25ca527e64dc8.jpg,1,1,0,0,1.0,1.0,1.0,1.0,16.283
gss511_jpg.rf.454e98373472384d634ea99baf06ca11.jpg,2,2,0,0,1.0,1.0,1.0,1.0,16.808
gss511_jpg.rf.5f772fa23d2d935bddc8dc21d68c2d03.jpg,1,0,0,1,0.0,0.0,0.0,0.0,15.302
gss518_jpg.rf.23ca4ef5b3b86cb66266380ac86e29dc.jpg,1,1,0,0,1.0,1.0,1.0,1.0,16.712
gss518_jpg.rf.7914ec9d67d23d58c37833d794c4ece8.jpg,2,2,0,0,1.0,1.0,1.0,1.0,16.495
gss518_jpg.rf.92bec73f692256cbba574579753cad21.jpg,1,1,0,0,1.0,1.0,1.0,1.0,16.555
gss525_jpg.rf.1b9d2e3e0f608e424d69e76ab8f8af43.jpg,2,2,0,0,1.0,1.0,1.0,1.0,16.575
gss525_jpg.rf.358f5a7a3100e552e510ad1db9a0c227.jpg,2,1,0,1,1.0,0.5,0.666667,0.555556,16.638
gss525_jpg.rf.37ad7972e2e2351e14d1d9b434c505ba.jpg,0,0,0,0,0.0,0.0,0.0,0.0,15.563
gss525_jpg.rf.bb129baa6db0826a77c3d1287c1fabb6.jpg,1,1,0,0,1.0,1.0,1.0,1.0,17.285
gss525_jpg.rf.cdf55df6849196e2f44d3191a07d700b.jpg,1,1,0,0,1.0,1.0,1.0,1.0,16.721
gss528_jpg.rf.4f3bf1d86114526d3fe00ad9df4dc0ad.jpg,3,1,2,2,0.333333,0.333333,0.333333,0.333333,16.587
gss528_jpg.rf.60a5a1bf17be9c4827d660201a37bcdd.jpg,2,2,0,0,1.0,1.0,1.0,1.0,15.916
gss528_jpg.rf.8d8ba88ab94896022b1fac19df24a9cb.jpg,1,1,0,0,1.0,1.0,1.0,1.0,15.773
gss528_jpg.rf.fef83406fce9eb5b2efa7b54bd2b519a.jpg,1,1,0,0,1.0,1.0,1.0,1.0,16.529
gss529_jpg.rf.25edbdca8bc1176c11d32452853c28fc.jpg,2,2,0,0,1.0,1.0,1.0,1.0,16.557
gss529_jpg.rf.412db408f67d208cb6499d354e0be54d.jpg,1,1,0,0,1.0,1.0,1.0,1.0,15.977
gss529_jpg.rf.aa34f1b1f35eaed9e3c59c19caacdb96.jpg,1,0,0,1,0.0,0.0,0.0,0.0,15.421
gss529_jpg.rf.adda5e465c6703f53eeed7705e2a0337.jpg,3,3,0,0,1.0,1.0,1.0,1.0,15.727
gss539_jpg.rf.3c119e35256138c6406068ba846d1778.jpg,1,1,0,0,1.0,1.0,1.0,1.0,16.262
gss539_jpg.rf.a8b35635b6a37fad17b534fced4bc55f.jpg,1,1,0,0,1.0,1.0,1.0,1.0,16.782
gss557_jpg.rf.3c5d19ac932444bd9f00de8bb5147c6f.jpg,3,3,0,0,1.0,1.0,1.0,1.0,16.215
gss557_jpg.rf.52edc33713ebb634f49589fa10ceb091.jpg,1,1,0,0,1.0,1.0,1.0,1.0,17.409
gss588_jpg.rf.aac1076176610d7a0ef82023de606373.jpg,2,1,0,1,1.0,0.5,0.666667,0.555556,16.976
gss588_jpg.rf.ac7d54eeaaab0cb2c0f53997f296979d.jpg,1,1,0,0,1.0,1.0,1.0,1.0,17.015
gss588_jpg.rf.c0752901981872290085f36384ab1da0.jpg,1,1,0,0,1.0,1.0,1.0,1.0,15.875
gss596_jpg.rf.4e2631d11b2979f600b8155243188cd3.jpg,1,1,0,0,1.0,1.0,1.0,1.0,15.746
gss596_jpg.rf.da704b468843769b7032924c50e56a22.jpg,0,0,0,0,0.0,0.0,0.0,0.0,15.343
gss596_jpg.rf.e4fc09686e401387ce4ca0b996695749.jpg,3,2,1,1,0.666667,0.666667,0.666667,0.666667,16.536
gss615_jpg.rf.19a1ae8a145ea1ce3b347749e5872815.jpg,3,2,0,1,1.0,0.666667,0.8,0.714286,16.391
gss615_jpg.rf.7e9afe53dccb891ae2c87827f7107518.jpg,1,1,0,0,1.0,1.0,1.0,1.0,16.443
gss615_jpg.rf.950caf6fafa2465b647f5a8418de8ec4.jpg,3,1,2,2,0.333333,0.333333,0.333333,0.333333,16.555
gss627_jpg.rf.09f9614159397896cfffe48cd2f6d632.jpg,2,1,0,1,1.0,0.5,0.666667,0.555556,16.505
gss627_jpg.rf.5a21e4fcac641e2737dada1d12e31f6c.jpg,1,1,0,0,1.0,1.0,1.0,1.0,16.351
gss627_jpg.rf.637c8eb07de00b887fff2679377bf6c3.jpg,1,1,0,0,1.0,1.0,1.0,1.0,16.407
gss627_jpg.rf.94ff74debd7ccf7279e747c0b7c2555c.jpg,0,0,0,0,0.0,0.0,0.0,0.0,15.543
gss627_jpg.rf.a51006a256b650d007c4c56eecbfa57b.jpg,0,0,0,0,0.0,0.0,0.0,0.0,15.638
gss628_jpg.rf.4a2dc64a8663d06201708da969ebada1.jpg,1,1,1,0,0.5,1.0,0.666667,0.833333,16.384
gss628_jpg.rf.761f00c208dfad4d24a54ffaa4bd835c.jpg,3,2,0,1,1.0,0.666667,0.8,0.714286,16.74
gss628_jpg.rf.bcf9716ad270f8eb479681af93228b71.jpg,1,1,0,0,1.0,1.0,1.0,1.0,16.445
gss630_jpg.rf.5ab41d4a6040067c69f5e2256eb310d3.jpg,0,0,0,0,0.0,0.0,0.0,0.0,15.623
gss630_jpg.rf.636e21444ffdfa65493bc80a2d1c8f6d.jpg,2,2,0,0,1.0,1.0,1.0,1.0,15.8
gss630_jpg.rf.a73589e214ae5b58cb67da6f4b8cc471.jpg,3,3,2,0,0.6,1.0,0.75,0.882353,16.543
gss630_jpg.rf.bc91dc9b476e2bf76b89e7b4f9fdf60e.jpg,1,1,0,0,1.0,1.0,1.0,1.0,15.905
gss632_jpg.rf.537de212e6081b34516d2768b986a3ad.jpg,1,1,0,0,1.0,1.0,1.0,1.0,16.697
gss632_jpg.rf.6dcfd0f80c783c04a0ad1df850b90e24.jpg,0,0,0,0,0.0,0.0,0.0,0.0,16.094
gss632_jpg.rf.cae79a9f5ae8d20bb16978066dc70b60.jpg,3,3,1,0,0.75,1.0,0.857143,0.9375,15.819
gss632_jpg.rf.dc6713d712692be178f918c866986080.jpg,2,2,0,0,1.0,1.0,1.0,1.0,15.697
gss646_jpg.rf.04abef89daf773a54d231f268d085a3c.jpg,0,0,0,0,0.0,0.0,0.0,0.0,15.76
gss646_jpg.rf.38e367e208ecb7ffead105a7d9502d7f.jpg,3,3,1,0,0.75,1.0,0.857143,0.9375,17.308
gss646_jpg.rf.d403e3650d1bbdf7eb17195e0633c4c9.jpg,3,3,2,0,0.6,1.0,0.75,0.882353,16.052
gss646_jpg.rf.f9b29fbb7f21880417745e8144926f03.jpg,1,1,0,0,1.0,1.0,1.0,1.0,15.777
gss655_jpg.rf.75ae29df6616def0746b7760dbffb6e5.jpg,1,1,0,0,1.0,1.0,1.0,1.0,15.606
gss655_jpg.rf.d4505a5cf50070a1fda62395e03673a3.jpg,3,3,1,0,0.75,1.0,0.857143,0.9375,15.924
gss655_jpg.rf.d75f2b1fc44218c53e5510103ff690fb.jpg,2,2,0,0,1.0,1.0,1.0,1.0,15.728
gss655_jpg.rf.db7371c8d9ec231e263aa05161c89977.jpg,1,1,1,0,0.5,1.0,0.666667,0.833333,15.811
gss668_jpg.rf.e586d2b324c9223c79a65547714be4c2.jpg,1,1,1,0,0.5,1.0,0.666667,0.833333,16.871
gss668_jpg.rf.f370d45f82229d005e30d5fc5b0ad32c.jpg,2,1,1,1,0.5,0.5,0.5,0.5,15.949
gss676_jpg.rf.0635ee2d4c3131d90a4b5531ee7890e3.jpg,1,1,0,0,1.0,1.0,1.0,1.0,15.969
gss676_jpg.rf.95bdc4849d608200ffb1eca88ac9b71b.jpg,1,1,0,0,1.0,1.0,1.0,1.0,15.862
gss691_jpg.rf.a260c16abdad66ec2b58d98df7368b1f.jpg,2,0,1,2,0.0,0.0,0.0,0.0,15.791
gss691_jpg.rf.bb053802af11de704d95b5160feb899b.jpg,2,2,0,0,1.0,1.0,1.0,1.0,16.645
gss691_jpg.rf.c1018ec4f75781a84533011aeef6d586.jpg,0,0,0,0,0.0,0.0,0.0,0.0,15.324
gss691_jpg.rf.f90c83af6b92e5f5fa96755ed528597d.jpg,1,1,0,0,1.0,1.0,1.0,1.0,16.711
gss707_jpg.rf.18fc75ad42cfbee87f6b59c87624b020.jpg,1,1,0,0,1.0,1.0,1.0,1.0,16.583
gss707_jpg.rf.2488ad960d2b1cd1de4ad187caa91193.jpg,1,1,0,0,1.0,1.0,1.0,1.0,16.507
gss707_jpg.rf.32edaf496543c2f28f27820968102ce2.jpg,1,1,0,0,1.0,1.0,1.0,1.0,16.452
gss718_jpg.rf.2e58b81f1256f7e898771ac27490d967.jpg,1,1,0,0,1.0,1.0,1.0,1.0,17.451
gss718_jpg.rf.6b345a7e1fffc5d50a994d24b2755b88.jpg,1,1,0,0,1.0,1.0,1.0,1.0,16.42
gss718_jpg.rf.8d53f4369eb6a85916557bf447250042.jpg,1,0,0,1,0.0,0.0,0.0,0.0,15.621
gss718_jpg.rf.a3438a7245331da4a9826af9c6c7343b.jpg,1,0,0,1,0.0,0.0,0.0,0.0,15.705
gss732_jpg.rf.384fb99beaf8492ab66194220a86fd3e.jpg,0,0,0,0,0.0,0.0,0.0,0.0,15.327
gss732_jpg.rf.4c56fa3fd9ece0f6801ed0f2f5c5e7fb.jpg,1,0,1,1,0.0,0.0,0.0,0.0,15.658
gss732_jpg.rf.59d7c62bb9a91e68f9b2640874a6e6b5.jpg,1,1,0,0,1.0,1.0,1.0,1.0,15.862
gss732_jpg.rf.7d82374f50cfbfee45509ad08ca224c8.jpg,1,1,0,0,1.0,1.0,1.0,1.0,15.883
gss732_jpg.rf.ab124fd2ed34a7f7ebc1887f95129c60.jpg,1,1,0,0,1.0,1.0,1.0,1.0,15.911
gss740_jpg.rf.0fc99dbc54e56abd7a2f0232d8d5bab7.jpg,1,1,1,0,0.5,1.0,0.666667,0.833333,15.89
gss740_jpg.rf.27df2ee3dbc1bff5445a022ed2248601.jpg,0,0,0,0,0.0,0.0,0.0,0.0,16.218
gss740_jpg.rf.689fa91bcdbf3595012a52e9c63e0484.jpg,1,1,0,0,1.0,1.0,1.0,1.0,15.95
gss747_jpg.rf.f84f7bdb45c1109c8c9118fc228cdb00.jpg,1,1,0,0,1.0,1.0,1.0,1.0,16.893
gss758_jpg.rf.09f80d38eaa40484e189f2225f968c19.jpg,1,1,0,0,1.0,1.0,1.0,1.0,16.481
gss758_jpg.rf.0c7c089dc9a513ac6762361130917ff3.jpg,0,0,0,0,0.0,0.0,0.0,0.0,15.799
gss758_jpg.rf.317d3ad0fef262c814df12f59c96d461.jpg,1,1,0,0,1.0,1.0,1.0,1.0,15.936
gss758_jpg.rf.82afc41ecb3767436d24f4accc0b64af.jpg,1,1,0,0,1.0,1.0,1.0,1.0,16.088
gss758_jpg.rf.8e07cf7a082a2a7975eefce7435c50e1.jpg,0,0,0,0,0.0,0.0,0.0,0.0,15.934
gss758_jpg.rf.d4df3f8df03178e88d86d4de682de3e1.jpg,3,1,1,2,0.5,0.333333,0.4,0.357143,16.608
gss780_jpg.rf.1ddd347846a38c7d476a4541202ba6cb.jpg,3,3,1,0,0.75,1.0,0.857143,0.9375,16.429
gss780_jpg.rf.46164cad51b1efd35dad1a803c41187d.jpg,2,2,0,0,1.0,1.0,1.0,1.0,16.307
gss780_jpg.rf.546cde272ed8bc192ba030ce4edbc114.jpg,0,0,0,0,0.0,0.0,0.0,0.0,15.502
gss780_jpg.rf.57e80dca9311f53c972c512e518ecf59.jpg,0,0,0,0,0.0,0.0,0.0,0.0,15.763
gss782_jpg.rf.854ae4858f0e32f1d85761fd292622d7.jpg,0,0,0,0,0.0,0.0,0.0,0.0,15.745
gss782_jpg.rf.a28f36d3a68c90344cadebdd48cda608.jpg,3,3,0,0,1.0,1.0,1.0,1.0,16.254
gss782_jpg.rf.ba46993ae8d90dbdf3743a5df2d2b427.jpg,1,0,0,1,0.0,0.0,0.0,0.0,15.333
gss795_jpg.rf.1040db5560779d083b82f324a3458dbb.jpg,0,0,0,0,0.0,0.0,0.0,0.0,15.617
gss795_jpg.rf.21459dbb349e009b490b16edbb6fed29.jpg,0,0,0,0,0.0,0.0,0.0,0.0,15.338
gss795_jpg.rf.35757d4931be16fa61d9446bbfd22e4e.jpg,1,1,2,0,0.333333,1.0,0.5,0.714286,16.273
gss795_jpg.rf.6541a7df217df73107421589ec76ecd6.jpg,1,0,1,1,0.0,0.0,0.0,0.0,16.501
gss795_jpg.rf.e4469d571ed0a70b2af4ff31701ddf5d.jpg,1,1,2,0,0.333333,1.0,0.5,0.714286,17.303
gss803_jpg.rf.e808615f047b13c29675a5fcda783e34.jpg,1,1,1,0,0.5,1.0,0.666667,0.833333,16.8
gss803_jpg.rf.f1e32071cc6e0251c566a24008ba67f8.jpg,0,0,0,0,0.0,0.0,0.0,0.0,15.961
gss805_jpg.rf.24060d4241f680952b21d574a37f1292.jpg,0,0,0,0,0.0,0.0,0.0,0.0,15.877
gss805_jpg.rf.6df6682aef6f34240a75807bc2d768da.jpg,0,0,0,0,0.0,0.0,0.0,0.0,16.299
gss805_jpg.rf.7adc31eb542f60e52fe1ec4e35996b3c.jpg,1,0,2,1,0.0,0.0,0.0,0.0,15.812
gss820_jpg.rf.9de3f022533f4d5deaa8f1654ad450d8.jpg,3,3,1,0,0.75,1.0,0.857143,0.9375,16.379
gss820_jpg.rf.a850d8022205d7e37a6d94d033b262c4.jpg,1,1,0,0,1.0,1.0,1.0,1.0,16.41
gss820_jpg.rf.f8ee50f77f49527271d8708a44198ac3.jpg,1,1,0,0,1.0,1.0,1.0,1.0,17.436
gss834_jpg.rf.d0bcc724d3cc7447f87a3b69ce2f3ead.jpg,4,3,2,1,0.6,0.75,0.666667,0.714286,15.756
gss834_jpg.rf.f4ff0000a46ac6de803a07d948a0f98f.jpg,0,0,0,0,0.0,0.0,0.0,0.0,15.778
gss842_jpg.rf.0455b4f86c39f738005493c2e9c13005.jpg,1,1,0,0,1.0,1.0,1.0,1.0,16.164
gss848_jpg.rf.041849802428afb44160feaa2dc91501.jpg,0,0,0,0,0.0,0.0,0.0,0.0,15.304
gss848_jpg.rf.3e527c84feee0de6d031681a5353d3c6.jpg,1,1,0,0,1.0,1.0,1.0,1.0,15.88
gss848_jpg.rf.89475eb78f42190dd73bdf5797611a62.jpg,0,0,0,0,0.0,0.0,0.0,0.0,15.57
gss848_jpg.rf.d98c2dfc9cd117d88581f8d2aef703f8.jpg,0,0,0,0,0.0,0.0,0.0,0.0,15.43
gss855_jpg.rf.116a81879344aa518c5f04a5c9dcc603.jpg,1,0,0,1,0.0,0.0,0.0,0.0,15.323
gss855_jpg.rf.4cddf01adda58c34135cbeba4d18d502.jpg,3,3,0,0,1.0,1.0,1.0,1.0,15.657
gss855_jpg.rf.5be64fa2f2e1e58be7751526cfda0e39.jpg,1,1,0,0,1.0,1.0,1.0,1.0,15.702
gss855_jpg.rf.954095ccadcd768cf2db3e224b0df133.jpg,0,0,0,0,0.0,0.0,0.0,0.0,15.436
gss855_jpg.rf.9dbad05ba9afa8a4b7bcc741c0958468.jpg,1,1,0,0,1.0,1.0,1.0,1.0,15.71
gss855_jpg.rf.cec3ebdb1aa00c2ada241799cc3d8dba.jpg,2,2,0,0,1.0,1.0,1.0,1.0,15.671
gss868_jpg.rf.3af82317d893a9e10e74c2344a597dd5.jpg,3,2,0,1,1.0,0.666667,0.8,0.714286,15.657
gss868_jpg.rf.41e9f83864bebd57a888793d0de07a20.jpg,1,0,1,1,0.0,0.0,0.0,0.0,15.887
gss86_jpg.rf.c1eeec14dd8367a5fbce705148d528a4.jpg,1,1,0,0,1.0,1.0,1.0,1.0,15.753
gss913_jpg.rf.0dd87c41244eb6e471ffc60f424a2253.jpg,3,3,1,0,0.75,1.0,0.857143,0.9375,15.904
gss913_jpg.rf.3d1014bf8981ad7e03f3d69ea22f829b.jpg,2,1,1,1,0.5,0.5,0.5,0.5,15.846
gss913_jpg.rf.4c828c26ebaeebefb0283efb033c327d.jpg,1,1,0,0,1.0,1.0,1.0,1.0,15.869
gss913_jpg.rf.5af0dab8a0c0077e22c56744d421ebb3.jpg,1,1,0,0,1.0,1.0,1.0,1.0,15.761
gss913_jpg.rf.852fd4cd5076d482153e25606d8ba1df.jpg,1,1,0,0,1.0,1.0,1.0,1.0,15.702
gss918_jpg.rf.7bad97e51cc3dc953fe0683228807ce2.jpg,2,1,0,1,1.0,0.5,0.666667,0.555556,16.515
gss918_jpg.rf.9dcbe7080d70148c6225ca23db269b0c.jpg,1,1,0,0,1.0,1.0,1.0,1.0,16.049
gss918_jpg.rf.abc4f0ab0509900b190cfbceff48038a.jpg,3,2,0,1,1.0,0.666667,0.8,0.714286,15.786
gss918_jpg.rf.b2ad43b8595ee5b092f7988f5ecffe65.jpg,1,1,0,0,1.0,1.0,1.0,1.0,15.855
gss918_jpg.rf.cb40545adab6b8bf5d37288b6af3a60c.jpg,1,1,0,0,1.0,1.0,1.0,1.0,15.626
gss918_jpg.rf.fe947baf8de46d5b2292d46ba4c20c1d.jpg,0,0,1,0,0.0,0.0,0.0,0.0,15.808
gss923_jpg.rf.0b11f3fce94aaf042c7ba5f1b4d7639f.jpg,2,0,0,2,0.0,0.0,0.0,0.0,15.398
gss923_jpg.rf.48b00641594c9643fa39234d0115acda.jpg,1,1,0,0,1.0,1.0,1.0,1.0,15.689
gss923_jpg.rf.5f50fffc5640c199c2f4d2b5a55bcf05.jpg,1,1,0,0,1.0,1.0,1.0,1.0,15.787
gss923_jpg.rf.85e7cea999844518274a1072ceb6fbcf.jpg,2,2,1,0,0.666667,1.0,0.8,0.909091,15.662
gss923_jpg.rf.f4502ce0895d50d64b284a330c01108b.jpg,1,1,0,0,1.0,1.0,1.0,1.0,15.66
gss92_jpg.rf.2d737e2933592fdf3de1f310ac42e5a0.jpg,1,1,0,0,1.0,1.0,1.0,1.0,15.764
gss932_jpg.rf.603baca4f77ba92ffd6546790c9925be.jpg,1,1,0,0,1.0,1.0,1.0,1.0,15.603
gss932_jpg.rf.714e6022a0c40404ced3e96d7b06bc77.jpg,1,1,0,0,1.0,1.0,1.0,1.0,15.342
gss932_jpg.rf.a7e85748629fd21b56c6af800c4274fd.jpg,1,1,0,0,1.0,1.0,1.0,1.0,15.713
gss937_jpg.rf.52f050f1d8f5aa2de99f572ec889f5ca.jpg,1,1,0,0,1.0,1.0,1.0,1.0,15.553
gss937_jpg.rf.590ae93f208a33831f7a2e27eda48a08.jpg,0,0,0,0,0.0,0.0,0.0,0.0,15.106
gss937_jpg.rf.7b2c89c3617e14068930a16425a6a88c.jpg,1,1,0,0,1.0,1.0,1.0,1.0,15.772
gss937_jpg.rf.ce2b79ce8f9c38d928946c596df9ef8c.jpg,3,3,0,0,1.0,1.0,1.0,1.0,16.023
gss951_jpg.rf.17e76a1d64c21a90189325f61a867fb0.jpg,1,1,0,0,1.0,1.0,1.0,1.0,15.56
gss951_jpg.rf.58c875f751a855e4affc5dc0f5ad6f86.jpg,1,1,0,0,1.0,1.0,1.0,1.0,15.929
gss951_jpg.rf.6a39393eab35e1538250316821a08739.jpg,3,3,1,0,0.75,1.0,0.857143,0.9375,15.646
gss951_jpg.rf.b3f49ccbdef2503401954f9ad2ff7dfe.jpg,1,1,0,0,1.0,1.0,1.0,1.0,15.609
gss951_jpg.rf.fb333e89e3e8166f33aa4e28dec0fa47.jpg,0,0,0,0,0.0,0.0,0.0,0.0,15.32
gss967_jpg.rf.48d12c197878196454b63616129b4ef0.jpg,1,1,0,0,1.0,1.0,1.0,1.0,15.91
gss967_jpg.rf.7acce522e0210344e2cf9e9a6912666d.jpg,1,1,0,0,1.0,1.0,1.0,1.0,15.673
gss967_jpg.rf.98bfc70a9c146b20c698be780aad2ce3.jpg,0,0,0,0,0.0,0.0,0.0,0.0,15.132
gss967_jpg.rf.b59a3849366c229b4ee90ea7d3f8c7d5.jpg,0,0,0,0,0.0,0.0,0.0,0.0,15.427
gss967_jpg.rf.c35e8b7946b73329a8a34770899dba39.jpg,1,1,0,0,1.0,1.0,1.0,1.0,16.105
gss967_jpg.rf.cd1996b5510a3e2ae605f3d9b9523df2.jpg,1,1,1,0,0.5,1.0,0.666667,0.833333,15.75
gss98_jpg.rf.091af2f1e8c494e7bb4416356f9c7685.jpg,0,0,0,0,0.0,0.0,0.0,0.0,15.572
gss98_jpg.rf.59e2af86e5e09375bf79397ef15f4ca9.jpg,0,0,0,0,0.0,0.0,0.0,0.0,15.542
gss98_jpg.rf.7275c78252e2cdd66f32d9c85fab8663.jpg,1,1,0,0,1.0,1.0,1.0,1.0,15.951
